-- phpMyAdmin SQL Dump
-- version 3.5.2.2
-- http://www.phpmyadmin.net
--
-- Host: 127.0.0.1
-- Generation Time: Aug 15, 2018 at 03:42 AM
-- Server version: 5.5.27
-- PHP Version: 5.4.7

SET SQL_MODE="NO_AUTO_VALUE_ON_ZERO";
SET time_zone = "+00:00";


/*!40101 SET @OLD_CHARACTER_SET_CLIENT=@@CHARACTER_SET_CLIENT */;
/*!40101 SET @OLD_CHARACTER_SET_RESULTS=@@CHARACTER_SET_RESULTS */;
/*!40101 SET @OLD_COLLATION_CONNECTION=@@COLLATION_CONNECTION */;
/*!40101 SET NAMES utf8 */;

--
-- Database: `pg`
--

-- --------------------------------------------------------

--
-- Table structure for table `asumsi_klasik`
--

CREATE TABLE IF NOT EXISTS `asumsi_klasik` (
  `id_asumsi` int(11) NOT NULL AUTO_INCREMENT,
  `kode_prodi` varchar(20) DEFAULT NULL,
  `kode_fakultas` varchar(20) DEFAULT NULL,
  `kode_ptn` varchar(20) DEFAULT NULL,
  `normalitas` tinyint(1) DEFAULT NULL,
  `multikolinieritas` tinyint(1) DEFAULT NULL,
  `heteroskedtisitas` tinyint(1) DEFAULT NULL,
  `autokorelasi` tinyint(1) DEFAULT NULL,
  PRIMARY KEY (`id_asumsi`),
  KEY `fk_relationship_18` (`kode_ptn`),
  KEY `fk_relationship_28` (`kode_prodi`,`kode_fakultas`)
) ENGINE=InnoDB DEFAULT CHARSET=latin1 AUTO_INCREMENT=1 ;

-- --------------------------------------------------------

--
-- Table structure for table `data_set`
--

CREATE TABLE IF NOT EXISTS `data_set` (
  `tahun` char(10) NOT NULL,
  `kode_prodi` varchar(20) DEFAULT NULL,
  `kode_fakultas` varchar(20) DEFAULT NULL,
  `kode_ptn` varchar(20) DEFAULT NULL,
  `daya_tampung` int(11) DEFAULT NULL,
  `jumlah_peminat` int(11) DEFAULT NULL,
  `pg` float DEFAULT NULL,
  KEY `fk_relationship_12` (`kode_prodi`,`kode_fakultas`),
  KEY `fk_relationship_13` (`kode_ptn`)
) ENGINE=InnoDB DEFAULT CHARSET=latin1;

--
-- Dumping data for table `data_set`
--

INSERT INTO `data_set` (`tahun`, `kode_prodi`, `kode_fakultas`, `kode_ptn`, `daya_tampung`, `jumlah_peminat`, `pg`) VALUES
('2013', '3811014', 'NULL', '381', 41, 2570, 52.5),
('2014', '3811014', 'NULL', '381', 63, 2921, 53.5),
('2015', '3811014', 'NULL', '381', 63, 2608, 55.5),
('2016', '3811014', 'NULL', '381', 75, 2883, 55.5),
('2017', '3811014', 'NULL', '381', 88, 3465, 53),
('2013', '3811022', 'NULL', '381', 26, 1150, 42),
('2014', '3811022', 'NULL', '381', 53, 1466, 43),
('2015', '3811022', 'NULL', '381', 50, 1355, 42.5),
('2016', '3811022', 'NULL', '381', 50, 1555, 43.4),
('2017', '3811022', 'NULL', '381', 58, 1777, 44.7),
('2013', '3811037', 'NULL', '381', 38, 1574, 36),
('2014', '3811037', 'NULL', '381', 75, 1361, 35),
('2015', '3811037', 'NULL', '381', 72, 1393, 35.3),
('2016', '3811037', 'NULL', '381', 74, 1519, 34),
('2017', '3811037', 'NULL', '381', 84, 1890, 36),
('2013', '3811045', 'NULL', '381', 41, 1053, 41),
('2014', '3811045', 'NULL', '381', 83, 1215, 42),
('2015', '3811045', 'NULL', '381', 87, 1289, 42.2),
('2016', '3811045', 'NULL', '381', 90, 883, 40),
('2017', '3811045', 'NULL', '381', 95, 1338, 41.5),
('2013', '3811053', 'NULL', '381', 18, 384, 39),
('2014', '3811053', 'NULL', '381', 36, 688, 40),
('2015', '3811053', 'NULL', '381', 36, 495, 39.2),
('2016', '3811053', 'NULL', '381', 36, 600, 41),
('2017', '3811053', 'NULL', '381', 42, 557, 38.8),
('2013', '3811061', 'NULL', '381', 15, 524, 39),
('2014', '3811061', 'NULL', '381', 30, 597, 40),
('2015', '3811061', 'NULL', '381', 30, 550, 41),
('2016', '3811061', 'NULL', '381', 30, 646, 41.3),
('2017', '3811061', 'NULL', '381', 35, 586, 39.3),
('2013', '3811076', 'NULL', '381', 15, 276, 38),
('2014', '3811076', 'NULL', '381', 30, 380, 39.5),
('2015', '3811076', 'NULL', '381', 30, 313, 41),
('2016', '3811076', 'NULL', '381', 30, 226, 39),
('2017', '3811076', 'NULL', '381', 35, 284, 38.5),
('2013', '3811084', 'NULL', '381', 15, 407, 43),
('2014', '3811084', 'NULL', '381', 30, 489, 43.2),
('2015', '3811084', 'NULL', '381', 30, 430, 44),
('2016', '3811084', 'NULL', '381', 32, 431, 43),
('2017', '3811084', 'NULL', '381', 35, 400, 42.5),
('2013', '3811092', 'NULL', '381', 36, 1874, 43),
('2014', '3811092', 'NULL', '381', 72, 1964, 42.19),
('2015', '3811092', 'NULL', '381', 72, 1644, 42.19),
('2016', '3811092', 'NULL', '381', 72, 1842, 42.19),
('2017', '3811092', 'NULL', '381', 84, 2072, 30),
('2013', '3811103', 'NULL', '381', 21, 892, 31),
('2014', '3811103', 'NULL', '381', 42, 609, 32),
('2015', '3811103', 'NULL', '381', 45, 686, 32.4),
('2016', '3811103', 'NULL', '381', 47, 753, 33.5),
('2017', '3811103', 'NULL', '381', 53, 916, 34),
('2013', '3811111', 'NULL', '381', 38, 1089, 37),
('2014', '3811111', 'NULL', '381', 81, 1, 37.4),
('2015', '3811111', 'NULL', '381', 56, 786, 37.4),
('2016', '3811111', 'NULL', '381', 56, 915, 38.5),
('2017', '3811111', 'NULL', '381', 72, 892, 47.5),
('2013', '3811126', 'NULL', '381', 8, 687, 32.4),
('2014', '3811126', 'NULL', '381', 15, 728, 32),
('2015', '3811126', 'NULL', '381', 15, 669, 32),
('2016', '3811126', 'NULL', '381', 15, 542, 32),
('2017', '3811126', 'NULL', '381', 17, 567, 30.4),
('2013', '3811134', 'NULL', '381', 9, 485, 32),
('2014', '3811134', 'NULL', '381', 18, 756, 31.75),
('2015', '3811134', 'NULL', '381', 18, 710, 31.75),
('2016', '3811134', 'NULL', '381', 20, 722, 31.75),
('2017', '3811134', 'NULL', '381', 21, 961, 35),
('2013', '3811142', 'NULL', '381', 9, 498, 36.2),
('2014', '3811142', 'NULL', '381', 18, 833, 37.2),
('2015', '3811142', 'NULL', '381', 18, 598, 37),
('2016', '3811142', 'NULL', '381', 20, 709, 38),
('2017', '3811142', 'NULL', '381', 21, 792, 39),
('2013', '3811157', 'NULL', '381', 9, 609, 42.8),
('2014', '3811157', 'NULL', '381', 18, 974, 43),
('2015', '3811157', 'NULL', '381', 18, 666, 44.5),
('2016', '3811157', 'NULL', '381', 18, 763, 45),
('2017', '3811157', 'NULL', '381', 21, 846, 45.6),
('2013', '3811165', 'NULL', '381', 9, 270, 37.3),
('2014', '3811165', 'NULL', '381', 18, 570, 37),
('2015', '3811165', 'NULL', '381', 18, 441, 37.4),
('2016', '3811165', 'NULL', '381', 18, 536, 38.2),
('2017', '3811165', 'NULL', '381', 21, 638, 39),
('2013', '3331013', 'NULL', '333', 50, 4069, 50),
('2014', '3331013', 'NULL', '333', 75, 4070, 51),
('2015', '3331013', 'NULL', '333', 125, 4030, 52),
('2016', '3331013', 'NULL', '333', 125, 8625, 52.7),
('2017', '3331013', 'NULL', '333', 150, 5979, 53.5),
('2013', '3331021', 'NULL', '333', 40, 854, 31.5),
('2014', '3331021', 'NULL', '333', 30, 837, 32),
('2015', '3331021', 'NULL', '333', 50, 814, 32.5),
('2016', '3331021', 'NULL', '333', 60, 1052, 33.5),
('2017', '3331021', 'NULL', '333', 72, 1014, 31.5),
('2013', '3331036', 'NULL', '333', 40, 1144, 33),
('2014', '3331036', 'NULL', '333', 30, 942, 32.5),
('2015', '3331036', 'NULL', '333', 60, 959, 32),
('2016', '3331036', 'NULL', '333', 68, 1219, 33.5),
('2017', '3331036', 'NULL', '333', 66, 1110, 32.3),
('2013', '3331044', 'NULL', '333', 32, 687, 30.4),
('2014', '3331044', 'NULL', '333', 24, 785, 31),
('2015', '3331044', 'NULL', '333', 50, 782, 32),
('2016', '3331044', 'NULL', '333', 53, 797, 32.4),
('2017', '3331044', 'NULL', '333', 48, 655, 31.2),
('2013', '3331052', 'NULL', '333', 48, 926, 30.4),
('2014', '3331052', 'NULL', '333', 30, 919, 31),
('2015', '3331052', 'NULL', '333', 60, 1057, 31.3),
('2016', '3331052', 'NULL', '333', 65, 1222, 32.2),
('2017', '3331052', 'NULL', '333', 72, 1338, 33.4),
('2013', '3331067', 'NULL', '333', 32, 817, 38),
('2014', '3331067', 'NULL', '333', 24, 895, 38.5),
('2015', '3331067', 'NULL', '333', 45, 920, 39.6),
('2016', '3331067', 'NULL', '333', 50, 1469, 40.5),
('2017', '3331067', 'NULL', '333', 54, 1159, 39),
('2013', '3331075', 'NULL', '333', 32, 817, 35),
('2014', '3331075', 'NULL', '333', 24, 895, 37),
('2015', '3331075', 'NULL', '333', 45, 920, 38.5),
('2016', '3331075', 'NULL', '333', 50, 1469, 39),
('2017', '3331075', 'NULL', '333', 54, 1159, 34),
('2013', '3331083', 'NULL', '333', 66, 1964, 35.7),
('2014', '3331083', 'NULL', '333', 36, 2279, 37),
('2015', '3331083', 'NULL', '333', 66, 2164, 36.2),
('2016', '3331083', 'NULL', '333', 68, 1860, 35.2),
('2017', '3331083', 'NULL', '333', 78, 2364, 36.3),
('2013', '3331091', 'NULL', '333', 30, 1935, 41.2),
('2014', '3331091', 'NULL', '333', 45, 1842, 40),
('2015', '3331091', 'NULL', '333', 75, 2004, 42),
('2016', '3331091', 'NULL', '333', 89, 2580, 42.4),
('2017', '3331091', 'NULL', '333', 90, 3011, 43),
('2013', '3331117', 'NULL', '333', 92, 1135, 27),
('2014', '3331117', 'NULL', '333', 63, 816, 28.2),
('2015', '3331117', 'NULL', '333', 130, 1475, 29),
('2016', '3331117', 'NULL', '333', 125, 1323, 30),
('2017', '3331117', 'NULL', '333', 120, 1159, 29.3),
('2013', '3331125', 'NULL', '333', 33, 1536, 37.2),
('2014', '3331125', 'NULL', '333', 58, 1597, 39.2),
('2015', '3331125', 'NULL', '333', 70, 1651, 39.2),
('2016', '3331125', 'NULL', '333', 75, 2154, 40),
('2017', '3331125', 'NULL', '333', 90, 2587, 41.2),
('2013', '3331133', 'NULL', '333', 40, 973, 30),
('2014', '3331133', 'NULL', '333', 21, 969, 31.5),
('2015', '3331133', 'NULL', '333', 39, 1181, 32.5),
('2016', '3331133', 'NULL', '333', 50, 1275, 32),
('2017', '3331133', 'NULL', '333', 48, 1510, 33),
('2013', '3331141', 'NULL', '333', 47, 2256, 37),
('2014', '3331141', 'NULL', '333', 36, 2259, 38.5),
('2015', '3331141', 'NULL', '333', 66, 2216, 37.5),
('2016', '3331141', 'NULL', '333', 63, 2149, 37.4),
('2017', '3331141', 'NULL', '333', 75, 2521, 38.5),
('2013', '3331156', 'NULL', '333', 45, 1228, 32),
('2014', '3331156', 'NULL', '333', 36, 1158, 33),
('2015', '3331156', 'NULL', '333', 66, 1182, 33.5),
('2016', '3331156', 'NULL', '333', 63, 1168, 34),
('2017', '3331156', 'NULL', '333', 75, 1198, 34.5),
('2013', '3331164', 'NULL', '333', 41, 2698, 42),
('2014', '3331164', 'NULL', '333', 57, 2811, 43),
('2015', '3331164', 'NULL', '333', 85, 2783, 42.5),
('2016', '3331164', 'NULL', '333', 80, 3221, 43),
('2017', '3331164', 'NULL', '333', 96, 3597, 44),
('2013', '3331172', 'NULL', '333', 64, 3200, 36.2),
('2014', '3331172', 'NULL', '333', 53, 3407, 38.2),
('2015', '3331172', 'NULL', '333', 87, 2832, 37),
('2016', '3331172', 'NULL', '333', 88, 2148, 36),
('2017', '3331172', 'NULL', '333', 96, 1929, 35.5),
('2013', '3331187', 'NULL', '333', 64, 2598, 39),
('2014', '3331187', 'NULL', '333', 48, 2819, 40.5),
('2015', '3331187', 'NULL', '333', 80, 2660, 39.7),
('2016', '3331187', 'NULL', '333', 80, 3068, 41),
('2017', '3331187', 'NULL', '333', 96, 3475, 41.5),
('2013', '3331195', 'NULL', '333', 18, 687, 22),
('2014', '3331195', 'NULL', '333', 14, 1074, 24),
('2015', '3331195', 'NULL', '333', 27, 679, 24),
('2016', '3331195', 'NULL', '333', 30, 848, 25),
('2017', '3331195', 'NULL', '333', 36, 769, 24.5),
('2013', '3331206', 'NULL', '333', 24, 2630, 40),
('2014', '3331206', 'NULL', '333', 24, 3317, 41),
('2015', '3331206', 'NULL', '333', 40, 2925, 39.5),
('2016', '3331206', 'NULL', '333', 38, 3328, 41.5),
('2017', '3331206', 'NULL', '333', 42, 3773, 42.5),
('2013', '3211015', 'NULL', '321', 54, 3057, 54),
('2014', '3211015', 'NULL', '321', 54, 2947, 55.5),
('2015', '3211015', 'NULL', '321', 72, 2829, 55),
('2016', '3211015', 'NULL', '321', 126, 2940, 56.5),
('2017', '3211015', 'NULL', '321', 126, 4041, 58),
('2013', '3211023', 'NULL', '321', 39, 1162, 39),
('2014', '3211023', 'NULL', '321', 39, 1209, 41),
('2015', '3211023', 'NULL', '321', 52, 1100, 41.5),
('2016', '3211023', 'NULL', '321', 91, 1399, 41.5),
('2017', '3211023', 'NULL', '321', 91, 2040, 42),
('2013', '3211031', 'NULL', '321', 18, 708, 36),
('2014', '3211031', 'NULL', '321', 30, 830, 37),
('2015', '3211031', 'NULL', '321', 40, 698, 35.5),
('2016', '3211031', 'NULL', '321', 70, 929, 37),
('2017', '3211031', 'NULL', '321', 56, 1083, 33.5),
('2013', '3211046', 'NULL', '321', 21, 669, 36),
('2014', '3211046', 'NULL', '321', 27, 503, 36.5),
('2015', '3211046', 'NULL', '321', 40, 484, 36.5),
('2016', '3211046', 'NULL', '321', 70, 682, 36.5),
('2017', '3211046', 'NULL', '321', 76, 843, 37),
('2013', '3211054', 'NULL', '321', 27, 654, 31),
('2014', '3211054', 'NULL', '321', 30, 639, 31.5),
('2015', '3211054', 'NULL', '321', 40, 500, 32),
('2016', '3211054', 'NULL', '321', 70, 594, 32),
('2017', '3211054', 'NULL', '321', 74, 761, 32.5),
('2013', '3211062', 'NULL', '321', 24, 822, 33),
('2014', '3211062', 'NULL', '321', 30, 822, 32.5),
('2015', '3211062', 'NULL', '321', 40, 727, 34),
('2016', '3211062', 'NULL', '321', 70, 801, 34),
('2017', '3211062', 'NULL', '321', 75, 1080, 35),
('2013', '3211077', 'NULL', '321', 30, 1348, 46),
('2014', '3211077', 'NULL', '321', 30, 1165, 47),
('2015', '3211077', 'NULL', '321', 48, 1189, 47.5),
('2016', '3211077', 'NULL', '321', 84, 1193, 48.5),
('2017', '3211077', 'NULL', '321', 91, 1768, 48),
('2013', '3211085', 'NULL', '321', 24, 772, 29),
('2014', '3211085', 'NULL', '321', 30, 778, 29.5),
('2015', '3211085', 'NULL', '321', 40, 796, 30.5),
('2016', '3211085', 'NULL', '321', 70, 690, 30),
('2017', '3211085', 'NULL', '321', 76, 808, 31),
('2013', '3211093', 'NULL', '321', 24, 1038, 40),
('2014', '3211093', 'NULL', '321', 24, 1198, 42),
('2015', '3211093', 'NULL', '321', 30, 1127, 42),
('2016', '3211093', 'NULL', '321', 52, 1481, 42),
('2017', '3211093', 'NULL', '321', 59, 1855, 38.5),
('2013', '3211104', 'NULL', '321', 24, 973, 42),
('2014', '3211104', 'NULL', '321', 24, 1152, 43),
('2015', '3211104', 'NULL', '321', 32, 1065, 43.5),
('2016', '3211104', 'NULL', '321', 56, 1169, 43),
('2017', '3211104', 'NULL', '321', 60, 1376, 44),
('2013', '3211112', 'NULL', '321', 24, 661, 48),
('2014', '3211112', 'NULL', '321', 24, 881, 49.5),
('2015', '3211112', 'NULL', '321', 32, 822, 50),
('2016', '3211112', 'NULL', '321', 56, 892, 49.5),
('2017', '3211112', 'NULL', '321', 58, 1073, 49),
('2013', '3211127', 'NULL', '321', 24, 661, 41),
('2014', '3211127', 'NULL', '321', 24, 881, 40.5),
('2015', '3211127', 'NULL', '321', 32, 822, 39.5),
('2016', '3211127', 'NULL', '321', 56, 892, 40.5),
('2017', '3211127', 'NULL', '321', 58, 1073, 41.5),
('2013', '3211135', 'NULL', '321', 24, 982, 41),
('2014', '3211135', 'NULL', '321', 24, 1082, 42),
('2015', '3211135', 'NULL', '321', 32, 906, 41),
('2016', '3211135', 'NULL', '321', 56, 887, 41.5),
('2017', '3211135', 'NULL', '321', 61, 1121, 39.2),
('2013', '3211143', 'NULL', '321', 24, 1028, 48),
('2014', '3211143', 'NULL', '321', 24, 995, 47.5),
('2015', '3211143', 'NULL', '321', 28, 954, 46),
('2016', '3211143', 'NULL', '321', 49, 928, 49),
('2017', '3211143', 'NULL', '321', 63, 1209, 47),
('2013', '3211151', 'NULL', '321', 40, 762, 33),
('2014', '3211151', 'NULL', '321', 39, 854, 35),
('2015', '3211151', 'NULL', '321', 52, 830, 35),
('2016', '3211151', 'NULL', '321', 70, 950, 35),
('2017', '3211151', 'NULL', '321', 60, 1169, 31.3),
('2013', '3211166', 'NULL', '321', 24, 1326, 47),
('2014', '3211166', 'NULL', '321', 39, 1339, 48),
('2015', '3211166', 'NULL', '321', 52, 1317, 48),
('2016', '3211166', 'NULL', '321', 86, 1601, 50),
('2017', '3211166', 'NULL', '321', 91, 2100, 50.1),
('2013', '3211174', 'NULL', '321', 45, 1936, 36),
('2014', '3211174', 'NULL', '321', 45, 1980, 37),
('2015', '3211174', 'NULL', '321', 60, 1505, 37),
('2016', '3211174', 'NULL', '321', 105, 1620, 37),
('2017', '3211174', 'NULL', '321', 105, 2413, 34.2),
('2013', '3211182', 'NULL', '321', 24, 1025, 47),
('2014', '3211182', 'NULL', '321', 24, 1245, 49.2),
('2015', '3211182', 'NULL', '321', 32, 1076, 48.5),
('2016', '3211182', 'NULL', '321', 56, 1278, 49.2),
('2017', '3211182', 'NULL', '321', 66, 1577, 51.2),
('2013', '3211197', 'NULL', '321', 18, 494, 36),
('2014', '3211197', 'NULL', '321', 18, 628, 37.5),
('2015', '3211197', 'NULL', '321', 24, 558, 38),
('2016', '3211197', 'NULL', '321', 42, 713, 37.5),
('2017', '3211197', 'NULL', '321', 42, 807, 35),
('2013', '3211201', 'NULL', '321', 18, 790, 42),
('2014', '3211201', 'NULL', '321', 18, 827, 41),
('2015', '3211201', 'NULL', '321', 24, 626, 42.5),
('2016', '3211201', 'NULL', '321', 42, 847, 41),
('2017', '3211201', 'NULL', '321', 42, 957, 37.2),
('2013', '3211216', 'NULL', '321', 18, 962, 49),
('2014', '3211216', 'NULL', '321', 18, 1135, 50),
('2015', '3211216', 'NULL', '321', 32, 1028, 51),
('2016', '3211216', 'NULL', '321', 56, 1182, 50),
('2017', '3211216', 'NULL', '321', 56, 1505, 48.6),
('2013', '3211224', 'NULL', '321', 18, 1189, 39),
('2014', '3211224', 'NULL', '321', 30, 1216, 40),
('2015', '3211224', 'NULL', '321', 62, 1286, 41),
('2016', '3211224', 'NULL', '321', 87, 1648, 40),
('2017', '3211224', 'NULL', '321', 91, 2254, 39.5),
('2013', '3211232', 'NULL', '321', 18, 1050, 43),
('2014', '3211232', 'NULL', '321', 18, 1117, 42),
('2015', '3211232', 'NULL', '321', 20, 1035, 43),
('2016', '3211232', 'NULL', '321', 35, 1237, 44.5),
('2017', '3211232', 'NULL', '321', 35, 1621, 45),
('2013', '3211247', 'NULL', '321', 18, 966, 37.8),
('2014', '3211247', 'NULL', '321', 18, 1065, 39),
('2015', '3211247', 'NULL', '321', 20, 781, 38),
('2016', '3211247', 'NULL', '321', 35, 879, 39),
('2017', '3211247', 'NULL', '321', 42, 1052, 40),
('2013', '3211255', 'NULL', '321', 23, 1410, 35),
('2014', '3211255', 'NULL', '321', 15, 1413, 36),
('2015', '3211255', 'NULL', '321', 20, 1016, 35.5),
('2016', '3211255', 'NULL', '321', 42, 1253, 35),
('2017', '3211255', 'NULL', '321', 42, 2063, 37),
('2013', '3341015', 'NULL', '334', 30, 1082, 33),
('2014', '3341015', 'NULL', '334', 30, 1188, 33.6),
('2015', '3341015', 'NULL', '334', 30, 993, 32.8),
('2016', '3341015', 'NULL', '334', 32, 1212, 33.5),
('2017', '3341015', 'NULL', '334', 32, 1133, 34),
('2013', '3341023', 'NULL', '334', 30, 727, 33),
('2014', '3341023', 'NULL', '334', 30, 705, 32.6),
('2015', '3341023', 'NULL', '334', 30, 601, 32),
('2016', '3341023', 'NULL', '334', 32, 485, 32.7),
('2017', '3341023', 'NULL', '334', 33, 473, 32.3),
('2013', '3341031', 'NULL', '334', 30, 1302, 33),
('2014', '3341031', 'NULL', '334', 30, 1331, 34),
('2015', '3341031', 'NULL', '334', 30, 1094, 33.2),
('2016', '3341031', 'NULL', '334', 35, 1120, 33.7),
('2017', '3341031', 'NULL', '334', 32, 1047, 32),
('2013', '3341046', 'NULL', '334', 30, 1014, 32),
('2014', '3341046', 'NULL', '334', 30, 772, 31),
('2015', '3341046', 'NULL', '334', 30, 770, 32.2),
('2016', '3341046', 'NULL', '334', 32, 662, 31.5),
('2017', '3341046', 'NULL', '334', 32, 704, 32),
('2013', '3341054', 'NULL', '334', 30, 712, 34),
('2014', '3341054', 'NULL', '334', 30, 601, 34.4),
('2015', '3341054', 'NULL', '334', 15, 523, 33),
('2016', '3341054', 'NULL', '334', 18, 393, 33.5),
('2017', '3341054', 'NULL', '334', 18, 467, 34.2),
('2013', '3341062', 'NULL', '334', 15, 496, 37),
('2014', '3341062', 'NULL', '334', 15, 555, 37.3),
('2015', '3341062', 'NULL', '334', 15, 511, 37.8),
('2016', '3341062', 'NULL', '334', 18, 528, 38),
('2017', '3341062', 'NULL', '334', 18, 612, 39),
('2013', '3341077', 'NULL', '334', 15, 310, 37),
('2014', '3341077', 'NULL', '334', 15, 318, 37.2),
('2015', '3341077', 'NULL', '334', 15, 318, 37.08),
('2016', '3341077', 'NULL', '334', 16, 244, 35),
('2017', '3341077', 'NULL', '334', 14, 260, 33.4),
('2013', '3341085', 'NULL', '334', 15, 847, 29),
('2014', '3341085', 'NULL', '334', 15, 984, 30),
('2015', '3341085', 'NULL', '334', 15, 888, 31.2),
('2016', '3341085', 'NULL', '334', 13, 681, 30),
('2017', '3341085', 'NULL', '334', 14, 853, 30.2),
('2013', '3341093', 'NULL', '334', 15, 699, 36.1),
('2014', '3341093', 'NULL', '334', 15, 562, 37),
('2015', '3341093', 'NULL', '334', 24, 669, 37.2),
('2016', '3341093', 'NULL', '334', 25, 611, 37.08),
('2017', '3341093', 'NULL', '334', 28, 695, 37.3),
('2013', '3341104', 'NULL', '334', 30, 1520, 43.2),
('2014', '3341104', 'NULL', '334', 30, 1564, 43.3),
('2015', '3341104', 'NULL', '334', 15, 1392, 42),
('2016', '3341104', 'NULL', '334', 18, 1220, 40),
('2017', '3341104', 'NULL', '334', 18, 1439, 41.3),
('2013', '3341112', 'NULL', '334', 18, 301, 35),
('2014', '3341112', 'NULL', '334', 18, 315, 35.3),
('2015', '3341112', 'NULL', '334', 18, 350, 36),
('2016', '3341112', 'NULL', '334', 19, 373, 36.2),
('2017', '3341112', 'NULL', '334', 25, 425, 36.5),
('2013', '3341127', 'NULL', '334', 15, 188, 33),
('2014', '3341127', 'NULL', '334', 18, 234, 33.4),
('2015', '3341127', 'NULL', '334', 25, 298, 34),
('2016', '3341127', 'NULL', '334', 29, 284, 34.2),
('2017', '3341127', 'NULL', '334', 36, 336, 34.5),
('2013', '3341143', 'NULL', '334', 30, 364, 36),
('2014', '3341143', 'NULL', '334', 18, 282, 37.2),
('2015', '3341143', 'NULL', '334', 30, 399, 37.4),
('2016', '3341143', 'NULL', '334', 34, 298, 35.9),
('2017', '3341143', 'NULL', '334', 36, 360, 36.5),
('2013', '3341151', 'NULL', '334', 30, 561, 35),
('2014', '3341151', 'NULL', '334', 28, 592, 36.65),
('2015', '3341151', 'NULL', '334', 30, 653, 36.6),
('2016', '3341151', 'NULL', '334', 51, 628, 36.7),
('2017', '3341151', 'NULL', '334', 50, 592, 37.2),
('2013', '3341166', 'NULL', '334', 30, 228, 35.4),
('2014', '3341166', 'NULL', '334', 30, 405, 36.14),
('2015', '3341166', 'NULL', '334', 50, 405, 36.14),
('2016', '3341166', 'NULL', '334', 52, 405, 36.14),
('2017', '3341166', 'NULL', '334', 67, 405, 37),
('2013', '3341174', 'NULL', '334', 15, 680, 31),
('2014', '3341174', 'NULL', '334', 18, 896, 31.2),
('2015', '3341174', 'NULL', '334', 18, 967, 32),
('2016', '3341174', 'NULL', '334', 19, 937, 31.6),
('2017', '3341174', 'NULL', '334', 34, 1057, 32.5),
('2013', '3341182', 'NULL', '334', 18, 581, 35),
('2014', '3341182', 'NULL', '334', 18, 756, 36),
('2015', '3341182', 'NULL', '334', 21, 848, 36.3),
('2016', '3341182', 'NULL', '334', 27, 594, 35),
('2017', '3341182', 'NULL', '334', 33, 611, 36),
('2013', '3341197', 'NULL', '334', 15, 1134, 42),
('2014', '3341197', 'NULL', '334', 20, 1391, 41),
('2015', '3341197', 'NULL', '334', 30, 1615, 42),
('2016', '3341197', 'NULL', '334', 35, 1614, 43),
('2017', '3341197', 'NULL', '334', 45, 1710, 44.2),
('2013', '3341216', 'NULL', '334', 18, 825, 37),
('2014', '3341216', 'NULL', '334', 15, 972, 37.2),
('2015', '3341216', 'NULL', '334', 18, 990, 37.8),
('2016', '3341216', 'NULL', '334', 23, 1061, 38.2),
('2017', '3341216', 'NULL', '334', 24, 1138, 39),
('2013', '3551012', 'NULL', '355', 135, 2310, 38),
('2014', '3551012', 'NULL', '355', 135, 2453, 38.7),
('2015', '3551012', 'NULL', '355', 120, 2232, 38.4),
('2016', '3551012', 'NULL', '355', 105, 2648, 39),
('2017', '3551012', 'NULL', '355', 138, 2906, 39.5),
('2013', '3551027', 'NULL', '355', 66, 3585, 49),
('2014', '3551027', 'NULL', '355', 96, 3034, 50),
('2015', '3551027', 'NULL', '355', 72, 3274, 51),
('2016', '3551027', 'NULL', '355', 66, 3106, 50.5),
('2017', '3551027', 'NULL', '355', 96, 3647, 49),
('2013', '3551043', 'NULL', '355', 45, 1596, 39),
('2014', '3551043', 'NULL', '355', 43, 1744, 39.5),
('2015', '3551043', 'NULL', '355', 48, 1775, 39.8),
('2016', '3551043', 'NULL', '355', 48, 2092, 40),
('2017', '3551043', 'NULL', '355', 56, 2146, 40.7),
('2013', '3551051', 'NULL', '355', 33, 541, 34.2),
('2014', '3551051', 'NULL', '355', 33, 526, 35.3),
('2015', '3551051', 'NULL', '355', 33, 535, 36),
('2016', '3551051', 'NULL', '355', 33, 646, 35.3),
('2017', '3551051', 'NULL', '355', 50, 645, 36),
('2013', '3551066', 'NULL', '355', 42, 448, 35.7),
('2014', '3551066', 'NULL', '355', 42, 788, 33.7),
('2015', '3551066', 'NULL', '355', 42, 689, 40),
('2016', '3551066', 'NULL', '355', 42, 667, 33.7),
('2017', '3551066', 'NULL', '355', 64, 797, 35),
('2013', '3551074', 'NULL', '355', 42, 604, 36),
('2014', '3551074', 'NULL', '355', 42, 513, 37.6),
('2015', '3551074', 'NULL', '355', 42, 627, 44.66),
('2016', '3551074', 'NULL', '355', 42, 540, 37.6),
('2017', '3551074', 'NULL', '355', 64, 656, 26.5),
('2013', '3551082', 'NULL', '355', 42, 437, 35),
('2014', '3551082', 'NULL', '355', 42, 540, 36.8),
('2015', '3551082', 'NULL', '355', 42, 592, 42.19),
('2016', '3551082', 'NULL', '355', 42, 414, 36.8),
('2017', '3551082', 'NULL', '355', 54, 420, 26.5),
('2013', '3551097', 'NULL', '355', 27, 691, 36),
('2014', '3551097', 'NULL', '355', 27, 848, 37.9),
('2015', '3551097', 'NULL', '355', 33, 841, 43.65),
('2016', '3551097', 'NULL', '355', 33, 1208, 37.9),
('2017', '3551097', 'NULL', '355', 50, 1191, 31),
('2013', '3551101', 'NULL', '355', 42, 1960, 39),
('2014', '3551101', 'NULL', '355', 42, 2180, 40),
('2015', '3551101', 'NULL', '355', 42, 1905, 43),
('2016', '3551101', 'NULL', '355', 42, 2177, 42),
('2017', '3551101', 'NULL', '355', 54, 2296, 40),
('2013', '3551116', 'NULL', '355', 24, 384, 31),
('2014', '3551116', 'NULL', '355', 24, 574, 30.7),
('2015', '3551116', 'NULL', '355', 30, 821, 30.7),
('2016', '3551116', 'NULL', '355', 30, 672, 30.6),
('2017', '3551116', 'NULL', '355', 34, 706, 23),
('2013', '3551147', 'NULL', '355', 36, 412, 35),
('2014', '3551147', 'NULL', '355', 36, 525, 36.9),
('2015', '3551147', 'NULL', '355', 48, 924, 37),
('2016', '3551147', 'NULL', '355', 54, 873, 36.9),
('2017', '3551147', 'NULL', '355', 82, 1135, 30.5),
('2013', '3551155', 'NULL', '355', 24, 439, 33),
('2014', '3551155', 'NULL', '355', 30, 646, 32),
('2015', '3551155', 'NULL', '355', 36, 781, 34),
('2016', '3551155', 'NULL', '355', 36, 1023, 34.5),
('2017', '3551155', 'NULL', '355', 54, 996, 34),
('2013', '3551163', 'NULL', '355', 24, 353, 35),
('2014', '3551163', 'NULL', '355', 24, 446, 34),
('2015', '3551163', 'NULL', '355', 30, 621, 35),
('2016', '3551163', 'NULL', '355', 30, 500, 33),
('2017', '3551163', 'NULL', '355', 46, 606, 29),
('2013', '3551171', 'NULL', '355', 84, 1884, 0),
('2014', '3551171', 'NULL', '355', 75, 2123, 40.5),
('2015', '3551171', 'NULL', '355', 72, 2208, 40.5),
('2016', '3551171', 'NULL', '355', 69, 2365, 41),
('2017', '3551171', 'NULL', '355', 100, 2774, 40),
('2013', '3551186', 'NULL', '355', 48, 1213, 0),
('2014', '3551186', 'NULL', '355', 48, 1151, 42.3),
('2015', '3551186', 'NULL', '355', 42, 1310, 42),
('2016', '3551186', 'NULL', '355', 36, 1492, 41),
('2017', '3551186', 'NULL', '355', 54, 1680, 42.5),
('2013', '3551194', 'NULL', '355', 66, 1464, 42.5),
('2014', '3551194', 'NULL', '355', 60, 1641, 43.7),
('2015', '3551194', 'NULL', '355', 54, 1805, 43.7),
('2016', '3551194', 'NULL', '355', 48, 1662, 43.7),
('2017', '3551194', 'NULL', '355', 72, 1684, 34),
('2013', '3551205', 'NULL', '355', 66, 1329, 43),
('2014', '3551205', 'NULL', '355', 72, 1290, 44),
('2015', '3551205', 'NULL', '355', 66, 1190, 43),
('2016', '3551205', 'NULL', '355', 66, 1370, 44),
('2017', '3551205', 'NULL', '355', 100, 1461, 37.5),
('2013', '3551213', 'NULL', '355', 66, 1087, 38),
('2014', '3551213', 'NULL', '355', 45, 1087, 49),
('2015', '3551213', 'NULL', '355', 45, 1170, 48),
('2016', '3551213', 'NULL', '355', 45, 1498, 49),
('2017', '3551213', 'NULL', '355', 68, 1595, 38.5),
('2013', '3551221', 'NULL', '355', 42, 1192, 39),
('2014', '3551221', 'NULL', '355', 42, 1448, 40.7),
('2015', '3551221', 'NULL', '355', 42, 1505, 41),
('2016', '3551221', 'NULL', '355', 42, 1608, 40.7),
('2017', '3551221', 'NULL', '355', 64, 1647, 32.5),
('2013', '3551236', 'NULL', '355', 45, 1305, 43),
('2014', '3551236', 'NULL', '355', 45, 1336, 44.5),
('2015', '3551236', 'NULL', '355', 45, 1262, 42.5),
('2016', '3551236', 'NULL', '355', 48, 1738, 44.5),
('2017', '3551236', 'NULL', '355', 72, 1874, 38),
('2013', '3551244', 'NULL', '355', 36, 849, 38),
('2014', '3551244', 'NULL', '355', 36, 896, 39.7),
('2015', '3551244', 'NULL', '355', 36, 990, 38),
('2016', '3551244', 'NULL', '355', 36, 1151, 39.7),
('2017', '3551244', 'NULL', '355', 56, 982, 36),
('2013', '3551252', 'NULL', '355', 36, 734, 43),
('2014', '3551252', 'NULL', '355', 54, 977, 44.5),
('2015', '3551252', 'NULL', '355', 54, 1033, 43),
('2016', '3551252', 'NULL', '355', 45, 799, 44.2),
('2017', '3551252', 'NULL', '355', 60, 841, 45),
('2013', '3551267', 'NULL', '355', 36, 1641, 36),
('2014', '3551267', 'NULL', '355', 30, 1655, 37),
('2015', '3551267', 'NULL', '355', 24, 955, 36),
('2016', '3551267', 'NULL', '355', 30, 837, 37),
('2017', '3551267', 'NULL', '355', 46, 811, 36.5),
('2013', '3551275', 'NULL', '355', 30, 872, 38),
('2014', '3551275', 'NULL', '355', 30, 1093, 40),
('2015', '3551275', 'NULL', '355', 30, 890, 41),
('2016', '3551275', 'NULL', '355', 30, 781, 40),
('2017', '3551275', 'NULL', '355', 46, 765, 39),
('2013', '3551283', 'NULL', '355', 36, 827, 36),
('2014', '3551283', 'NULL', '355', 36, 847, 37.2),
('2015', '3551283', 'NULL', '355', 30, 859, 38),
('2016', '3551283', 'NULL', '355', 30, 937, 37.2),
('2017', '3551283', 'NULL', '355', 46, 1093, 37),
('2013', '3551291', 'NULL', '355', 90, 1189, 34),
('2014', '3551291', 'NULL', '355', 72, 1180, 35.2),
('2015', '3551291', 'NULL', '355', 72, 1396, 35.2),
('2016', '3551291', 'NULL', '355', 75, 1212, 35.2),
('2017', '3551291', 'NULL', '355', 114, 1319, 35),
('2013', '3551302', 'NULL', '355', 24, 1335, 35),
('2014', '3551302', 'NULL', '355', 24, 796, 36.5),
('2015', '3551302', 'NULL', '355', 30, 1065, 38),
('2016', '3551302', 'NULL', '355', 30, 1014, 36.5),
('2017', '3551302', 'NULL', '355', 46, 1174, 35),
('2013', '3551317', 'NULL', '355', 24, 706, 35),
('2014', '3551317', 'NULL', '355', 24, 541, 36),
('2015', '3551317', 'NULL', '355', 30, 773, 35),
('2016', '3551317', 'NULL', '355', 30, 752, 36),
('2017', '3551317', 'NULL', '355', 46, 802, 37),
('2013', '3611012', 'NULL', '361', 66, 968, 33),
('2014', '3611012', 'NULL', '361', 54, 915, 34.5),
('2015', '3611012', 'NULL', '361', 57, 1088, 35),
('2016', '3611012', 'NULL', '361', 60, 965, 34.5),
('2017', '3611012', 'NULL', '361', 88, 5979, 35),
('2013', '3611027', 'NULL', '361', 80, 2417, 44),
('2014', '3611027', 'NULL', '361', 72, 2343, 44.5),
('2015', '3611027', 'NULL', '361', 72, 2164, 43),
('2016', '3611027', 'NULL', '361', 96, 2383, 44.5),
('2017', '3611027', 'NULL', '361', 72, 2917, 43.5),
('2013', '3611035', 'NULL', '361', 30, 744, 33.6),
('2014', '3611035', 'NULL', '361', 30, 947, 33.5),
('2015', '3611035', 'NULL', '361', 30, 722, 33.8),
('2016', '3611035', 'NULL', '361', 30, 856, 34.2),
('2017', '3611035', 'NULL', '361', 40, 834, 34),
('2013', '3611043', 'NULL', '361', 21, 431, 35),
('2014', '3611043', 'NULL', '361', 21, 550, 36.5),
('2015', '3611043', 'NULL', '361', 21, 500, 36),
('2016', '3611043', 'NULL', '361', 21, 591, 36.7),
('2017', '3611043', 'NULL', '361', 28, 637, 37),
('2013', '3611051', 'NULL', '361', 21, 805, 42),
('2014', '3611051', 'NULL', '361', 21, 433, 41),
('2015', '3611051', 'NULL', '361', 21, 534, 41.6),
('2016', '3611051', 'NULL', '361', 21, 538, 42),
('2017', '3611051', 'NULL', '361', 28, 523, 43.2),
('2013', '3611066', 'NULL', '361', 69, 3719, 52),
('2014', '3611066', 'NULL', '361', 60, 3592, 53),
('2015', '3611066', 'NULL', '361', 53, 3188, 53.5),
('2016', '3611066', 'NULL', '361', 53, 3321, 53),
('2017', '3611066', 'NULL', '361', 70, 3777, 54),
('2013', '3611074', 'NULL', '361', 33, 820, 37.9),
('2014', '3611074', 'NULL', '361', 38, 899, 38.04),
('2015', '3611074', 'NULL', '361', 35, 934, 38.5),
('2016', '3611074', 'NULL', '361', 35, 1023, 39),
('2017', '3611074', 'NULL', '361', 46, 1129, 40),
('2013', '3611082', 'NULL', '361', 24, 1545, 40),
('2014', '3611082', 'NULL', '361', 28, 1623, 41),
('2015', '3611082', 'NULL', '361', 24, 1449, 42.3),
('2016', '3611082', 'NULL', '361', 24, 1609, 42.5),
('2017', '3611082', 'NULL', '361', 32, 1684, 43),
('2013', '3611097', 'NULL', '361', 46, 1754, 38),
('2014', '3611097', 'NULL', '361', 46, 1685, 39.5),
('2015', '3611097', 'NULL', '361', 46, 1508, 40),
('2016', '3611097', 'NULL', '361', 46, 1856, 40.3),
('2017', '3611097', 'NULL', '361', 61, 2040, 41),
('2013', '3611101', 'NULL', '361', 54, 1138, 39),
('2014', '3611101', 'NULL', '361', 54, 1119, 40.2),
('2015', '3611101', 'NULL', '361', 60, 973, 41.2),
('2016', '3611101', 'NULL', '361', 54, 1140, 40.19),
('2017', '3611101', 'NULL', '361', 72, 1176, 41),
('2013', '3611155', 'NULL', '361', 25, 357, 40),
('2014', '3611155', 'NULL', '361', 26, 373, 41),
('2015', '3611155', 'NULL', '361', 26, 347, 41.2),
('2016', '3611155', 'NULL', '361', 21, 297, 41.2),
('2017', '3611155', 'NULL', '361', 28, 362, 41.5),
('2013', '3611163', 'NULL', '361', 54, 692, 40),
('2014', '3611163', 'NULL', '361', 54, 535, 41.5),
('2015', '3611163', 'NULL', '361', 48, 574, 42.5),
('2016', '3611163', 'NULL', '361', 45, 580, 43.5),
('2017', '3611163', 'NULL', '361', 60, 716, 44),
('2013', '3611171', 'NULL', '361', 21, 546, 39),
('2014', '3611171', 'NULL', '361', 21, 570, 40),
('2015', '3611171', 'NULL', '361', 21, 472, 39.4),
('2016', '3611171', 'NULL', '361', 21, 628, 41),
('2017', '3611171', 'NULL', '361', 28, 663, 41.5),
('2013', '3611186', 'NULL', '361', 27, 1186, 47),
('2014', '3611186', 'NULL', '361', 27, 1252, 48.5),
('2015', '3611186', 'NULL', '361', 27, 1029, 48.5),
('2016', '3611186', 'NULL', '361', 27, 1334, 48.5),
('2017', '3611186', 'NULL', '361', 36, 1664, 45.5),
('2013', '3611194', 'NULL', '361', 21, 608, 41),
('2014', '3611194', 'NULL', '361', 25, 766, 41.5),
('2015', '3611194', 'NULL', '361', 21, 600, 42.04),
('2016', '3611194', 'NULL', '361', 18, 690, 43),
('2017', '3611194', 'NULL', '361', 24, 875, 44),
('2013', '3611205', 'NULL', '361', 23, 724, 37),
('2014', '3611205', 'NULL', '361', 23, 864, 37.6),
('2015', '3611205', 'NULL', '361', 23, 612, 38.5),
('2016', '3611205', 'NULL', '361', 15, 461, 38.5),
('2017', '3611205', 'NULL', '361', 20, 424, 36),
('2013', '3611213', 'NULL', '361', 27, 440, 43),
('2014', '3611213', 'NULL', '361', 27, 488, 44.5),
('2015', '3611213', 'NULL', '361', 27, 472, 43.5),
('2016', '3611213', 'NULL', '361', 27, 570, 44.04),
('2017', '3611213', 'NULL', '361', 36, 546, 45),
('2013', '3611221', 'NULL', '361', 12, 286, 36),
('2014', '3611221', 'NULL', '361', 14, 431, 37.2),
('2015', '3611221', 'NULL', '361', 21, 431, 37.4),
('2016', '3611221', 'NULL', '361', 23, 575, 38),
('2017', '3611221', 'NULL', '361', 30, 559, 38.3),
('2013', '3611244', 'NULL', '361', 12, 257, 37),
('2014', '3611244', 'NULL', '361', 15, 399, 38.3),
('2015', '3611244', 'NULL', '361', 15, 344, 37.6),
('2016', '3611244', 'NULL', '361', 15, 367, 38.02),
('2017', '3611244', 'NULL', '361', 20, 419, 39),
('2013', '3611275', 'NULL', '361', 9, 191, 33),
('2014', '3611275', 'NULL', '361', 8, 186, 34),
('2015', '3611275', 'NULL', '361', 8, 165, 33.5),
('2016', '3611275', 'NULL', '361', 8, 176, 34),
('2017', '3611275', 'NULL', '361', 10, 238, 34.6),
('2013', '3611291', 'NULL', '361', 14, 309, 33.2),
('2014', '3611291', 'NULL', '361', 14, 306, 33),
('2015', '3611291', 'NULL', '361', 17, 392, 33.5),
('2016', '3611291', 'NULL', '361', 17, 311, 33.5),
('2017', '3611291', 'NULL', '361', 22, 358, 33.8),
('2013', '3611317', 'NULL', '361', 9, 123, 37),
('2014', '3611317', 'NULL', '361', 9, 180, 36),
('2015', '3611317', 'NULL', '361', 9, 164, 34.5),
('2016', '3611317', 'NULL', '361', 9, 177, 35),
('2017', '3611317', 'NULL', '361', 12, 269, 36.4),
('2013', '3611325', 'NULL', '361', 72, 1013, 37),
('2014', '3611325', 'NULL', '361', 72, 939, 38),
('2015', '3611325', 'NULL', '361', 72, 1089, 38.2),
('2016', '3611325', 'NULL', '361', 72, 1003, 38.7),
('2017', '3611325', 'NULL', '361', 96, 1121, 39),
('2013', '3611333', 'NULL', '361', 24, 1271, 39),
('2014', '3611333', 'NULL', '361', 30, 1429, 40),
('2015', '3611333', 'NULL', '361', 27, 1223, 41),
('2016', '3611333', 'NULL', '361', 27, 1693, 40),
('2017', '3611333', 'NULL', '361', 36, 1790, 39),
('2013', '3611341', 'NULL', '361', 21, 947, 37),
('2014', '3611341', 'NULL', '361', 25, 1208, 36.5),
('2015', '3611341', 'NULL', '361', 24, 919, 38),
('2016', '3611341', 'NULL', '361', 24, 1352, 37),
('2017', '3611341', 'NULL', '361', 36, 1329, 36),
('2013', '3611356', 'NULL', '361', 27, 915, 34),
('2014', '3611356', 'NULL', '361', 30, 1120, 35),
('2015', '3611356', 'NULL', '361', 33, 862, 35),
('2016', '3611356', 'NULL', '361', 33, 922, 35),
('2017', '3611356', 'NULL', '361', 48, 811, 32.7),
('2013', '3611364', 'NULL', '361', 36, 1875, 40),
('2014', '3611364', 'NULL', '361', 40, 2117, 40.5),
('2015', '3611364', 'NULL', '361', 36, 1335, 41),
('2016', '3611364', 'NULL', '361', 36, 950, 41),
('2017', '3611364', 'NULL', '361', 48, 1020, 41.5),
('2013', '3611372', 'NULL', '361', 42, 1076, 45),
('2014', '3611372', 'NULL', '361', 49, 1157, 45.5),
('2015', '3611372', 'NULL', '361', 45, 912, 44),
('2016', '3611372', 'NULL', '361', 45, 1086, 45.2),
('2017', '3611372', 'NULL', '361', 68, 1089, 43),
('2013', '3611387', 'NULL', '361', 36, 990, 47),
('2014', '3611387', 'NULL', '361', 45, 1276, 49.4),
('2015', '3611387', 'NULL', '361', 45, 965, 49.4),
('2016', '3611387', 'NULL', '361', 45, 1320, 50),
('2017', '3611387', 'NULL', '361', 40, 1278, 49),
('2013', '3611395', 'NULL', '361', 42, 1606, 42),
('2014', '3611395', 'NULL', '361', 50, 1852, 43.4),
('2015', '3611395', 'NULL', '361', 48, 1536, 2.4),
('2016', '3611395', 'NULL', '361', 48, 1792, 43.4),
('2017', '3611395', 'NULL', '361', 56, 1855, 44),
('2013', '3611406', 'NULL', '361', 45, 1579, 0),
('2014', '3611406', 'NULL', '361', 50, 2080, 45),
('2015', '3611406', 'NULL', '361', 50, 1763, 45),
('2016', '3611406', 'NULL', '361', 50, 2399, 45),
('2017', '3611406', 'NULL', '361', 66, 2565, 38.5),
('2013', '3611414', 'NULL', '361', 14, 433, 46),
('2014', '3611414', 'NULL', '361', 20, 565, 47.3),
('2015', '3611414', 'NULL', '361', 18, 440, 46),
('2016', '3611414', 'NULL', '361', 18, 606, 47.3),
('2017', '3611414', 'NULL', '361', 26, 609, 45),
('2013', '3611422', 'NULL', '361', 33, 570, 43),
('2014', '3611422', 'NULL', '361', 45, 727, 44),
('2015', '3611422', 'NULL', '361', 45, 669, 45),
('2016', '3611422', 'NULL', '361', 30, 594, 44),
('2017', '3611422', 'NULL', '361', 48, 622, 43.7),
('2013', '3611437', 'NULL', '361', 42, 1292, 52),
('2014', '3611437', 'NULL', '361', 40, 1373, 53),
('2015', '3611437', 'NULL', '361', 36, 1116, 52.5),
('2016', '3611437', 'NULL', '361', 36, 1489, 53),
('2017', '3611437', 'NULL', '361', 44, 1546, 42),
('2013', '3611445', 'NULL', '361', 30, 525, 41),
('2014', '3611445', 'NULL', '361', 35, 668, 42.61),
('2015', '3611445', 'NULL', '361', 30, 526, 42),
('2016', '3611445', 'NULL', '361', 27, 463, 42.61),
('2017', '3611445', 'NULL', '361', 36, 640, 43),
('2013', '3611453', 'NULL', '361', 30, 961, 40),
('2014', '3611453', 'NULL', '361', 35, 1127, 41),
('2015', '3611453', 'NULL', '361', 30, 989, 42),
('2016', '3611453', 'NULL', '361', 30, 1236, 39.66),
('2017', '3611453', 'NULL', '361', 40, 1383, 40.5),
('2013', '3611461', 'NULL', '361', 30, 612, 43),
('2014', '3611461', 'NULL', '361', 35, 708, 44),
('2015', '3611461', 'NULL', '361', 30, 565, 43),
('2016', '3611461', 'NULL', '361', 30, 816, 44.36),
('2017', '3611461', 'NULL', '361', 40, 658, 37.5),
('2013', '3821016', 'NULL', '382', 30, 272, 37),
('2014', '3821016', 'NULL', '382', 38, 579, 38.5),
('2015', '3821016', 'NULL', '382', 36, 361, 37),
('2016', '3821016', 'NULL', '382', 30, 340, 36.5),
('2017', '3821016', 'NULL', '382', 52, 477, 37),
('2013', '3821024', 'NULL', '382', 40, 547, 41),
('2014', '3821024', 'NULL', '382', 40, 441, 42.61),
('2015', '3821024', 'NULL', '382', 36, 493, 43),
('2016', '3821024', 'NULL', '382', 41, 550, 44),
('2017', '3821024', 'NULL', '382', 52, 612, 45),
('2013', '3821032', 'NULL', '382', 45, 781, 42),
('2014', '3821032', 'NULL', '382', 40, 729, 43.65),
('2015', '3821032', 'NULL', '382', 40, 759, 44),
('2016', '3821032', 'NULL', '382', 38, 873, 43.65),
('2017', '3821032', 'NULL', '382', 52, 1047, 44.5),
('2013', '3821047', 'NULL', '382', 36, 577, 45),
('2014', '3821047', 'NULL', '382', 36, 467, 44.3),
('2015', '3821047', 'NULL', '382', 40, 586, 45),
('2016', '3821047', 'NULL', '382', 37, 439, 44.6),
('2017', '3821047', 'NULL', '382', 48, 556, 45.5),
('2013', '3821055', 'NULL', '382', 25, 457, 41),
('2014', '3821055', 'NULL', '382', 29, 524, 40),
('2015', '3821055', 'NULL', '382', 32, 644, 41),
('2016', '3821055', 'NULL', '382', 28, 444, 41.5),
('2017', '3821055', 'NULL', '382', 36, 524, 42),
('2013', '3821063', 'NULL', '382', 60, 1702, 43),
('2014', '3821063', 'NULL', '382', 60, 2068, 44),
('2015', '3821063', 'NULL', '382', 60, 1784, 43.5),
('2016', '3821063', 'NULL', '382', 62, 2035, 44.2),
('2017', '3821063', 'NULL', '382', 90, 2144, 43.5),
('2013', '3821071', 'NULL', '382', 60, 1170, 54),
('2014', '3821071', 'NULL', '382', 60, 1483, 53),
('2015', '3821071', 'NULL', '382', 48, 1199, 54.4),
('2016', '3821071', 'NULL', '382', 48, 1415, 53),
('2017', '3821071', 'NULL', '382', 64, 1551, 54),
('2013', '3821086', 'NULL', '382', 54, 1095, 544),
('2014', '3821086', 'NULL', '382', 48, 1111, 53),
('2015', '3821086', 'NULL', '382', 51, 956, 54.5),
('2016', '3821086', 'NULL', '382', 51, 965, 54),
('2017', '3821086', 'NULL', '382', 64, 1185, 42),
('2013', '3821094', 'NULL', '382', 45, 1, 47),
('2014', '3821094', 'NULL', '382', 36, 11024, 46.69),
('2015', '3821094', 'NULL', '382', 36, 898, 45),
('2016', '3821094', 'NULL', '382', 46, 1038, 46.2),
('2017', '3821094', 'NULL', '382', 60, 957, 46),
('2013', '3821105', 'NULL', '382', 60, 1171, 38),
('2014', '3821105', 'NULL', '382', 45, 1356, 37.83),
('2015', '3821105', 'NULL', '382', 42, 1225, 37.83),
('2016', '3821105', 'NULL', '382', 60, 1621, 37.83),
('2017', '3821105', 'NULL', '382', 80, 1833, 41),
('2013', '3821113', 'NULL', '382', 45, 1303, 43),
('2014', '3821113', 'NULL', '382', 45, 1464, 44.65),
('2015', '3821113', 'NULL', '382', 42, 1235, 44),
('2016', '3821113', 'NULL', '382', 39, 1161, 44.65),
('2017', '3821113', 'NULL', '382', 52, 1019, 45),
('2013', '3821121', 'NULL', '382', 45, 1368, 46),
('2014', '3821121', 'NULL', '382', 45, 1685, 47),
('2015', '3821121', 'NULL', '382', 45, 1653, 47.4),
('2016', '3821121', 'NULL', '382', 45, 1877, 47.75),
('2017', '3821121', 'NULL', '382', 60, 2246, 46),
('2013', '3821136', 'NULL', '382', 30, 1123, 48),
('2014', '3821136', 'NULL', '382', 30, 1, 49),
('2015', '3821136', 'NULL', '382', 30, 1135, 47),
('2016', '3821136', 'NULL', '382', 31, 1314, 48),
('2017', '3821136', 'NULL', '382', 40, 1623, 49.5),
('2013', '3821144', 'NULL', '382', 36, 1053, 46),
('2014', '3821144', 'NULL', '382', 33, 1023, 45.5),
('2015', '3821144', 'NULL', '382', 33, 904, 45.6),
('2016', '3821144', 'NULL', '382', 35, 997, 45.5),
('2017', '3821144', 'NULL', '382', 44, 1124, 33),
('2013', '3821152', 'NULL', '382', 30, 457, 36),
('2014', '3821152', 'NULL', '382', 30, 730, 37),
('2015', '3821152', 'NULL', '382', 30, 611, 38),
('2016', '3821152', 'NULL', '382', 33, 510, 37),
('2017', '3821152', 'NULL', '382', 44, 748, 38),
('2013', '3821167', 'NULL', '382', 24, 778, 39),
('2014', '3821167', 'NULL', '382', 30, 1009, 40.48),
('2015', '3821167', 'NULL', '382', 30, 810, 41),
('2016', '3821167', 'NULL', '382', 30, 1140, 41.3),
('2017', '3821167', 'NULL', '382', 44, 1174, 35),
('2013', '3821175', 'NULL', '382', 27, 687, 36),
('2014', '3821175', 'NULL', '382', 27, 946, 35.04),
('2015', '3821175', 'NULL', '382', 27, 954, 34),
('2016', '3821175', 'NULL', '382', 27, 967, 35.81),
('2017', '3821175', 'NULL', '382', 36, 1022, 32),
('2013', '3821183', 'NULL', '382', 43, 786, 43),
('2014', '3821183', 'NULL', '382', 45, 926, 44),
('2015', '3821183', 'NULL', '382', 45, 1222, 43),
('2016', '3821183', 'NULL', '382', 40, 715, 44),
('2017', '3821183', 'NULL', '382', 48, 1046, 31),
('2013', '3821191', 'NULL', '382', 36, 783, 38),
('2014', '3821191', 'NULL', '382', 36, 1, 39),
('2015', '3821191', 'NULL', '382', 24, 827, 40),
('2013', '3211015', 'NULL', '321', 54, 3057, 54),
('2014', '3211015', 'NULL', '321', 54, 2947, 55.5),
('2015', '3211015', 'NULL', '321', 72, 2829, 55),
('2016', '3211015', 'NULL', '321', 126, 2940, 56.5),
('2017', '3211015', 'NULL', '321', 126, 4041, 58),
('2013', '3211023', 'NULL', '321', 39, 1162, 39),
('2014', '3211023', 'NULL', '321', 39, 1209, 41),
('2015', '3211023', 'NULL', '321', 52, 1100, 41.5),
('2016', '3211023', 'NULL', '321', 91, 1399, 41.5),
('2017', '3211023', 'NULL', '321', 91, 2040, 42),
('2013', '3211031', 'NULL', '321', 18, 708, 36),
('2014', '3211031', 'NULL', '321', 30, 830, 37),
('2015', '3211031', 'NULL', '321', 40, 698, 35.5),
('2016', '3211031', 'NULL', '321', 70, 929, 37),
('2017', '3211031', 'NULL', '321', 56, 1083, 33.5),
('2013', '3211046', 'NULL', '321', 21, 669, 36),
('2014', '3211046', 'NULL', '321', 27, 503, 36.5),
('2015', '3211046', 'NULL', '321', 40, 484, 36.5),
('2016', '3211046', 'NULL', '321', 70, 682, 36.5),
('2017', '3211046', 'NULL', '321', 76, 843, 37),
('2013', '3211054', 'NULL', '321', 27, 654, 31),
('2014', '3211054', 'NULL', '321', 30, 639, 31.5),
('2015', '3211054', 'NULL', '321', 40, 500, 32),
('2016', '3211054', 'NULL', '321', 70, 594, 32),
('2017', '3211054', 'NULL', '321', 74, 761, 32.5),
('2013', '3211062', 'NULL', '321', 24, 822, 33),
('2014', '3211062', 'NULL', '321', 30, 822, 32.5),
('2015', '3211062', 'NULL', '321', 40, 727, 34),
('2016', '3211062', 'NULL', '321', 70, 801, 34),
('2017', '3211062', 'NULL', '321', 75, 1080, 35),
('2013', '3211077', 'NULL', '321', 30, 1348, 46),
('2014', '3211077', 'NULL', '321', 30, 1165, 47),
('2015', '3211077', 'NULL', '321', 48, 1189, 47.5),
('2016', '3211077', 'NULL', '321', 84, 1193, 48.5),
('2017', '3211077', 'NULL', '321', 91, 1768, 48),
('2013', '3211085', 'NULL', '321', 24, 772, 29),
('2014', '3211085', 'NULL', '321', 30, 778, 29.5),
('2015', '3211085', 'NULL', '321', 40, 796, 30.5),
('2016', '3211085', 'NULL', '321', 70, 690, 30),
('2017', '3211085', 'NULL', '321', 76, 808, 31),
('2013', '3211093', 'NULL', '321', 24, 1038, 40),
('2014', '3211093', 'NULL', '321', 24, 1198, 42),
('2015', '3211093', 'NULL', '321', 30, 1127, 42),
('2016', '3211093', 'NULL', '321', 52, 1481, 42),
('2017', '3211093', 'NULL', '321', 59, 1855, 38.5),
('2013', '3211104', 'NULL', '321', 24, 973, 42),
('2014', '3211104', 'NULL', '321', 24, 1152, 43),
('2015', '3211104', 'NULL', '321', 32, 1065, 43.5),
('2016', '3211104', 'NULL', '321', 56, 1169, 43),
('2017', '3211104', 'NULL', '321', 60, 1376, 44),
('2013', '3211112', 'NULL', '321', 24, 661, 48),
('2014', '3211112', 'NULL', '321', 24, 881, 49.5),
('2015', '3211112', 'NULL', '321', 32, 822, 50),
('2016', '3211112', 'NULL', '321', 56, 892, 49.5),
('2017', '3211112', 'NULL', '321', 58, 1073, 49),
('2013', '3211127', 'NULL', '321', 24, 661, 41),
('2014', '3211127', 'NULL', '321', 24, 881, 40.5),
('2015', '3211127', 'NULL', '321', 32, 822, 39.5),
('2016', '3211127', 'NULL', '321', 56, 892, 40.5),
('2017', '3211127', 'NULL', '321', 58, 1073, 41.5),
('2013', '3211135', 'NULL', '321', 24, 982, 41),
('2014', '3211135', 'NULL', '321', 24, 1082, 42),
('2015', '3211135', 'NULL', '321', 32, 906, 41),
('2016', '3211135', 'NULL', '321', 56, 887, 41.5),
('2017', '3211135', 'NULL', '321', 61, 1121, 39.2),
('2013', '3211143', 'NULL', '321', 24, 1028, 48),
('2014', '3211143', 'NULL', '321', 24, 995, 47.5),
('2015', '3211143', 'NULL', '321', 28, 954, 46),
('2016', '3211143', 'NULL', '321', 49, 928, 49),
('2017', '3211143', 'NULL', '321', 63, 1209, 47),
('2013', '3211151', 'NULL', '321', 40, 762, 33),
('2014', '3211151', 'NULL', '321', 39, 854, 35),
('2015', '3211151', 'NULL', '321', 52, 830, 35),
('2016', '3211151', 'NULL', '321', 70, 950, 35),
('2017', '3211151', 'NULL', '321', 60, 1169, 31.3),
('2013', '3211166', 'NULL', '321', 24, 1326, 47),
('2014', '3211166', 'NULL', '321', 39, 1339, 48),
('2015', '3211166', 'NULL', '321', 52, 1317, 48),
('2016', '3211166', 'NULL', '321', 86, 1601, 50),
('2017', '3211166', 'NULL', '321', 91, 2100, 50.1),
('2013', '3211174', 'NULL', '321', 45, 1936, 36),
('2014', '3211174', 'NULL', '321', 45, 1980, 37),
('2015', '3211174', 'NULL', '321', 60, 1505, 37),
('2016', '3211174', 'NULL', '321', 105, 1620, 37),
('2017', '3211174', 'NULL', '321', 105, 2413, 34.2),
('2013', '3211182', 'NULL', '321', 24, 1025, 47),
('2014', '3211182', 'NULL', '321', 24, 1245, 49.2),
('2015', '3211182', 'NULL', '321', 32, 1076, 48.5),
('2016', '3211182', 'NULL', '321', 56, 1278, 49.2),
('2017', '3211182', 'NULL', '321', 66, 1577, 51.2),
('2013', '3211197', 'NULL', '321', 18, 494, 36),
('2014', '3211197', 'NULL', '321', 18, 628, 37.5),
('2015', '3211197', 'NULL', '321', 24, 558, 38),
('2016', '3211197', 'NULL', '321', 42, 713, 37.5),
('2017', '3211197', 'NULL', '321', 42, 807, 35),
('2013', '3211201', 'NULL', '321', 18, 790, 42),
('2014', '3211201', 'NULL', '321', 18, 827, 41),
('2015', '3211201', 'NULL', '321', 24, 626, 42.5),
('2016', '3211201', 'NULL', '321', 42, 847, 41),
('2017', '3211201', 'NULL', '321', 42, 957, 37.2),
('2013', '3211216', 'NULL', '321', 18, 962, 49),
('2014', '3211216', 'NULL', '321', 18, 1135, 50),
('2015', '3211216', 'NULL', '321', 32, 1028, 51),
('2016', '3211216', 'NULL', '321', 56, 1182, 50),
('2017', '3211216', 'NULL', '321', 56, 1505, 48.6),
('2013', '3211224', 'NULL', '321', 18, 1189, 39),
('2014', '3211224', 'NULL', '321', 30, 1216, 40),
('2015', '3211224', 'NULL', '321', 62, 1286, 41),
('2016', '3211224', 'NULL', '321', 87, 1648, 40),
('2017', '3211224', 'NULL', '321', 91, 2254, 39.5),
('2013', '3211232', 'NULL', '321', 18, 1050, 43),
('2014', '3211232', 'NULL', '321', 18, 1117, 42),
('2015', '3211232', 'NULL', '321', 20, 1035, 43),
('2016', '3211232', 'NULL', '321', 35, 1237, 44.5),
('2017', '3211232', 'NULL', '321', 35, 1621, 45),
('2013', '3211247', 'NULL', '321', 18, 966, 37.8),
('2014', '3211247', 'NULL', '321', 18, 1065, 39),
('2015', '3211247', 'NULL', '321', 20, 781, 38),
('2016', '3211247', 'NULL', '321', 35, 879, 39),
('2017', '3211247', 'NULL', '321', 42, 1052, 40),
('2013', '3211255', 'NULL', '321', 23, 1410, 35),
('2014', '3211255', 'NULL', '321', 15, 1413, 36),
('2015', '3211255', 'NULL', '321', 20, 1016, 35.5),
('2016', '3211255', 'NULL', '321', 42, 1253, 35),
('2017', '3211255', 'NULL', '321', 42, 2063, 37),
('2013', '3341015', 'NULL', '334', 30, 1082, 33),
('2014', '3341015', 'NULL', '334', 30, 1188, 33.6),
('2015', '3341015', 'NULL', '334', 30, 993, 32.8),
('2016', '3341015', 'NULL', '334', 32, 1212, 33.5),
('2017', '3341015', 'NULL', '334', 32, 1133, 34),
('2013', '3341023', 'NULL', '334', 30, 727, 33),
('2014', '3341023', 'NULL', '334', 30, 705, 32.6),
('2015', '3341023', 'NULL', '334', 30, 601, 32),
('2016', '3341023', 'NULL', '334', 32, 485, 32.7),
('2017', '3341023', 'NULL', '334', 33, 473, 32.3),
('2013', '3341031', 'NULL', '334', 30, 1302, 33),
('2014', '3341031', 'NULL', '334', 30, 1331, 34),
('2015', '3341031', 'NULL', '334', 30, 1094, 33.2),
('2016', '3341031', 'NULL', '334', 35, 1120, 33.7),
('2017', '3341031', 'NULL', '334', 32, 1047, 32),
('2013', '3341046', 'NULL', '334', 30, 1014, 32),
('2014', '3341046', 'NULL', '334', 30, 772, 31),
('2015', '3341046', 'NULL', '334', 30, 770, 32.2),
('2016', '3341046', 'NULL', '334', 32, 662, 31.5),
('2017', '3341046', 'NULL', '334', 32, 704, 32),
('2013', '3341054', 'NULL', '334', 30, 712, 34),
('2014', '3341054', 'NULL', '334', 30, 601, 34.4),
('2015', '3341054', 'NULL', '334', 15, 523, 33),
('2016', '3341054', 'NULL', '334', 18, 393, 33.5),
('2017', '3341054', 'NULL', '334', 18, 467, 34.2),
('2013', '3341062', 'NULL', '334', 15, 496, 37),
('2014', '3341062', 'NULL', '334', 15, 555, 37.3),
('2015', '3341062', 'NULL', '334', 15, 511, 37.8),
('2016', '3341062', 'NULL', '334', 18, 528, 38),
('2017', '3341062', 'NULL', '334', 18, 612, 39),
('2013', '3341077', 'NULL', '334', 15, 310, 37),
('2014', '3341077', 'NULL', '334', 15, 318, 37.2),
('2015', '3341077', 'NULL', '334', 15, 318, 37.08),
('2016', '3341077', 'NULL', '334', 16, 244, 35),
('2017', '3341077', 'NULL', '334', 14, 260, 33.4),
('2013', '3341085', 'NULL', '334', 15, 847, 29),
('2014', '3341085', 'NULL', '334', 15, 984, 30),
('2015', '3341085', 'NULL', '334', 15, 888, 31.2),
('2016', '3341085', 'NULL', '334', 13, 681, 30),
('2017', '3341085', 'NULL', '334', 14, 853, 30.2),
('2013', '3341093', 'NULL', '334', 15, 699, 36.1),
('2014', '3341093', 'NULL', '334', 15, 562, 37),
('2015', '3341093', 'NULL', '334', 24, 669, 37.2),
('2016', '3341093', 'NULL', '334', 25, 611, 37.08),
('2017', '3341093', 'NULL', '334', 28, 695, 37.3),
('2013', '3341104', 'NULL', '334', 30, 1520, 43.2),
('2014', '3341104', 'NULL', '334', 30, 1564, 43.3),
('2015', '3341104', 'NULL', '334', 15, 1392, 42),
('2016', '3341104', 'NULL', '334', 18, 1220, 40),
('2017', '3341104', 'NULL', '334', 18, 1439, 41.3),
('2013', '3341112', 'NULL', '334', 18, 301, 35),
('2014', '3341112', 'NULL', '334', 18, 315, 35.3),
('2015', '3341112', 'NULL', '334', 18, 350, 36),
('2016', '3341112', 'NULL', '334', 19, 373, 36.2),
('2017', '3341112', 'NULL', '334', 25, 425, 36.5),
('2013', '3341127', 'NULL', '334', 15, 188, 33),
('2014', '3341127', 'NULL', '334', 18, 234, 33.4),
('2015', '3341127', 'NULL', '334', 25, 298, 34),
('2016', '3341127', 'NULL', '334', 29, 284, 34.2),
('2017', '3341127', 'NULL', '334', 36, 336, 34.5),
('2013', '3341143', 'NULL', '334', 30, 364, 36),
('2014', '3341143', 'NULL', '334', 18, 282, 37.2),
('2015', '3341143', 'NULL', '334', 30, 399, 37.4),
('2016', '3341143', 'NULL', '334', 34, 298, 35.9),
('2017', '3341143', 'NULL', '334', 36, 360, 36.5),
('2013', '3341151', 'NULL', '334', 30, 561, 35),
('2014', '3341151', 'NULL', '334', 28, 592, 36.65),
('2015', '3341151', 'NULL', '334', 30, 653, 36.6),
('2016', '3341151', 'NULL', '334', 51, 628, 36.7),
('2017', '3341151', 'NULL', '334', 50, 592, 37.2),
('2013', '3341166', 'NULL', '334', 30, 228, 35.4),
('2014', '3341166', 'NULL', '334', 30, 405, 36.14),
('2015', '3341166', 'NULL', '334', 50, 405, 36.14),
('2016', '3341166', 'NULL', '334', 52, 405, 36.14),
('2017', '3341166', 'NULL', '334', 67, 405, 37),
('2013', '3341174', 'NULL', '334', 15, 680, 31),
('2014', '3341174', 'NULL', '334', 18, 896, 31.2),
('2015', '3341174', 'NULL', '334', 18, 967, 32),
('2016', '3341174', 'NULL', '334', 19, 937, 31.6),
('2017', '3341174', 'NULL', '334', 34, 1057, 32.5),
('2013', '3341182', 'NULL', '334', 18, 581, 35),
('2014', '3341182', 'NULL', '334', 18, 756, 36),
('2015', '3341182', 'NULL', '334', 21, 848, 36.3),
('2016', '3341182', 'NULL', '334', 27, 594, 35),
('2017', '3341182', 'NULL', '334', 33, 611, 36),
('2013', '3341197', 'NULL', '334', 15, 1134, 42),
('2014', '3341197', 'NULL', '334', 20, 1391, 41),
('2015', '3341197', 'NULL', '334', 30, 1615, 42),
('2016', '3341197', 'NULL', '334', 35, 1614, 43),
('2017', '3341197', 'NULL', '334', 45, 1710, 44.2),
('2013', '3341216', 'NULL', '334', 18, 825, 37),
('2014', '3341216', 'NULL', '334', 15, 972, 37.2);
INSERT INTO `data_set` (`tahun`, `kode_prodi`, `kode_fakultas`, `kode_ptn`, `daya_tampung`, `jumlah_peminat`, `pg`) VALUES
('2015', '3341216', 'NULL', '334', 18, 990, 37.8),
('2016', '3341216', 'NULL', '334', 23, 1061, 38.2),
('2017', '3341216', 'NULL', '334', 24, 1138, 39),
('2013', '3551012', 'NULL', '355', 135, 2310, 38),
('2014', '3551012', 'NULL', '355', 135, 2453, 38.7),
('2015', '3551012', 'NULL', '355', 120, 2232, 38.4),
('2016', '3551012', 'NULL', '355', 105, 2648, 39),
('2017', '3551012', 'NULL', '355', 138, 2906, 39.5),
('2013', '3551027', 'NULL', '355', 66, 3585, 49),
('2014', '3551027', 'NULL', '355', 96, 3034, 50),
('2015', '3551027', 'NULL', '355', 72, 3274, 51),
('2016', '3551027', 'NULL', '355', 66, 3106, 50.5),
('2017', '3551027', 'NULL', '355', 96, 3647, 49),
('2013', '3551043', 'NULL', '355', 45, 1596, 39),
('2014', '3551043', 'NULL', '355', 43, 1744, 39.5),
('2015', '3551043', 'NULL', '355', 48, 1775, 39.8),
('2016', '3551043', 'NULL', '355', 48, 2092, 40),
('2017', '3551043', 'NULL', '355', 56, 2146, 40.7),
('2013', '3551051', 'NULL', '355', 33, 541, 34.2),
('2014', '3551051', 'NULL', '355', 33, 526, 35.3),
('2015', '3551051', 'NULL', '355', 33, 535, 36),
('2016', '3551051', 'NULL', '355', 33, 646, 35.3),
('2017', '3551051', 'NULL', '355', 50, 645, 36),
('2013', '3551066', 'NULL', '355', 42, 448, 35.7),
('2014', '3551066', 'NULL', '355', 42, 788, 33.7),
('2015', '3551066', 'NULL', '355', 42, 689, 40),
('2016', '3551066', 'NULL', '355', 42, 667, 33.7),
('2017', '3551066', 'NULL', '355', 64, 797, 35),
('2013', '3551074', 'NULL', '355', 42, 604, 36),
('2014', '3551074', 'NULL', '355', 42, 513, 37.6),
('2015', '3551074', 'NULL', '355', 42, 627, 44.66),
('2016', '3551074', 'NULL', '355', 42, 540, 37.6),
('2017', '3551074', 'NULL', '355', 64, 656, 26.5),
('2013', '3551082', 'NULL', '355', 42, 437, 35),
('2014', '3551082', 'NULL', '355', 42, 540, 36.8),
('2015', '3551082', 'NULL', '355', 42, 592, 42.19),
('2016', '3551082', 'NULL', '355', 42, 414, 36.8),
('2017', '3551082', 'NULL', '355', 54, 420, 26.5),
('2013', '3551097', 'NULL', '355', 27, 691, 36),
('2014', '3551097', 'NULL', '355', 27, 848, 37.9),
('2015', '3551097', 'NULL', '355', 33, 841, 43.65),
('2016', '3551097', 'NULL', '355', 33, 1208, 37.9),
('2017', '3551097', 'NULL', '355', 50, 1191, 31),
('2013', '3551101', 'NULL', '355', 42, 1960, 39),
('2014', '3551101', 'NULL', '355', 42, 2180, 40),
('2015', '3551101', 'NULL', '355', 42, 1905, 43),
('2016', '3551101', 'NULL', '355', 42, 2177, 42),
('2017', '3551101', 'NULL', '355', 54, 2296, 40),
('2013', '3551116', 'NULL', '355', 24, 384, 31),
('2014', '3551116', 'NULL', '355', 24, 574, 30.7),
('2015', '3551116', 'NULL', '355', 30, 821, 30.7),
('2016', '3551116', 'NULL', '355', 30, 672, 30.6),
('2017', '3551116', 'NULL', '355', 34, 706, 23),
('2013', '3551147', 'NULL', '355', 36, 412, 35),
('2014', '3551147', 'NULL', '355', 36, 525, 36.9),
('2015', '3551147', 'NULL', '355', 48, 924, 37),
('2016', '3551147', 'NULL', '355', 54, 873, 36.9),
('2017', '3551147', 'NULL', '355', 82, 1135, 30.5),
('2013', '3551155', 'NULL', '355', 24, 439, 33),
('2014', '3551155', 'NULL', '355', 30, 646, 32),
('2015', '3551155', 'NULL', '355', 36, 781, 34),
('2016', '3551155', 'NULL', '355', 36, 1023, 34.5),
('2017', '3551155', 'NULL', '355', 54, 996, 34),
('2013', '3551163', 'NULL', '355', 24, 353, 35),
('2014', '3551163', 'NULL', '355', 24, 446, 34),
('2015', '3551163', 'NULL', '355', 30, 621, 35),
('2016', '3551163', 'NULL', '355', 30, 500, 33),
('2017', '3551163', 'NULL', '355', 46, 606, 29),
('2013', '3551171', 'NULL', '355', 84, 1884, 0),
('2014', '3551171', 'NULL', '355', 75, 2123, 40.5),
('2015', '3551171', 'NULL', '355', 72, 2208, 40.5),
('2016', '3551171', 'NULL', '355', 69, 2365, 41),
('2017', '3551171', 'NULL', '355', 100, 2774, 40),
('2013', '3551186', 'NULL', '355', 48, 1213, 0),
('2014', '3551186', 'NULL', '355', 48, 1151, 42.3),
('2015', '3551186', 'NULL', '355', 42, 1310, 42),
('2016', '3551186', 'NULL', '355', 36, 1492, 41),
('2017', '3551186', 'NULL', '355', 54, 1680, 42.5),
('2013', '3551194', 'NULL', '355', 66, 1464, 42.5),
('2014', '3551194', 'NULL', '355', 60, 1641, 43.7),
('2015', '3551194', 'NULL', '355', 54, 1805, 43.7),
('2016', '3551194', 'NULL', '355', 48, 1662, 43.7),
('2017', '3551194', 'NULL', '355', 72, 1684, 34),
('2013', '3551205', 'NULL', '355', 66, 1329, 43),
('2014', '3551205', 'NULL', '355', 72, 1290, 44),
('2015', '3551205', 'NULL', '355', 66, 1190, 43),
('2016', '3551205', 'NULL', '355', 66, 1370, 44),
('2017', '3551205', 'NULL', '355', 100, 1461, 37.5),
('2013', '3551213', 'NULL', '355', 66, 1087, 38),
('2014', '3551213', 'NULL', '355', 45, 1087, 49),
('2015', '3551213', 'NULL', '355', 45, 1170, 48),
('2016', '3551213', 'NULL', '355', 45, 1498, 49),
('2017', '3551213', 'NULL', '355', 68, 1595, 38.5),
('2013', '3551221', 'NULL', '355', 42, 1192, 39),
('2014', '3551221', 'NULL', '355', 42, 1448, 40.7),
('2015', '3551221', 'NULL', '355', 42, 1505, 41),
('2016', '3551221', 'NULL', '355', 42, 1608, 40.7),
('2017', '3551221', 'NULL', '355', 64, 1647, 32.5),
('2013', '3551236', 'NULL', '355', 45, 1305, 43),
('2014', '3551236', 'NULL', '355', 45, 1336, 44.5),
('2015', '3551236', 'NULL', '355', 45, 1262, 42.5),
('2016', '3551236', 'NULL', '355', 48, 1738, 44.5),
('2017', '3551236', 'NULL', '355', 72, 1874, 38),
('2013', '3551244', 'NULL', '355', 36, 849, 38),
('2014', '3551244', 'NULL', '355', 36, 896, 39.7),
('2015', '3551244', 'NULL', '355', 36, 990, 38),
('2016', '3551244', 'NULL', '355', 36, 1151, 39.7),
('2017', '3551244', 'NULL', '355', 56, 982, 36),
('2013', '3551252', 'NULL', '355', 36, 734, 43),
('2014', '3551252', 'NULL', '355', 54, 977, 44.5),
('2015', '3551252', 'NULL', '355', 54, 1033, 43),
('2016', '3551252', 'NULL', '355', 45, 799, 44.2),
('2017', '3551252', 'NULL', '355', 60, 841, 45),
('2013', '3551267', 'NULL', '355', 36, 1641, 36),
('2014', '3551267', 'NULL', '355', 30, 1655, 37),
('2015', '3551267', 'NULL', '355', 24, 955, 36),
('2016', '3551267', 'NULL', '355', 30, 837, 37),
('2017', '3551267', 'NULL', '355', 46, 811, 36.5),
('2013', '3551275', 'NULL', '355', 30, 872, 38),
('2014', '3551275', 'NULL', '355', 30, 1093, 40),
('2015', '3551275', 'NULL', '355', 30, 890, 41),
('2016', '3551275', 'NULL', '355', 30, 781, 40),
('2017', '3551275', 'NULL', '355', 46, 765, 39),
('2013', '3551283', 'NULL', '355', 36, 827, 36),
('2014', '3551283', 'NULL', '355', 36, 847, 37.2),
('2015', '3551283', 'NULL', '355', 30, 859, 38),
('2016', '3551283', 'NULL', '355', 30, 937, 37.2),
('2017', '3551283', 'NULL', '355', 46, 1093, 37),
('2013', '3551291', 'NULL', '355', 90, 1189, 34),
('2014', '3551291', 'NULL', '355', 72, 1180, 35.2),
('2015', '3551291', 'NULL', '355', 72, 1396, 35.2),
('2016', '3551291', 'NULL', '355', 75, 1212, 35.2),
('2017', '3551291', 'NULL', '355', 114, 1319, 35),
('2013', '3551302', 'NULL', '355', 24, 1335, 35),
('2014', '3551302', 'NULL', '355', 24, 796, 36.5),
('2015', '3551302', 'NULL', '355', 30, 1065, 38),
('2016', '3551302', 'NULL', '355', 30, 1014, 36.5),
('2017', '3551302', 'NULL', '355', 46, 1174, 35),
('2013', '3551317', 'NULL', '355', 24, 706, 35),
('2014', '3551317', 'NULL', '355', 24, 541, 36),
('2015', '3551317', 'NULL', '355', 30, 773, 35),
('2016', '3551317', 'NULL', '355', 30, 752, 36),
('2017', '3551317', 'NULL', '355', 46, 802, 37),
('2013', '3611012', 'NULL', '361', 66, 968, 33),
('2014', '3611012', 'NULL', '361', 54, 915, 34.5),
('2015', '3611012', 'NULL', '361', 57, 1088, 35),
('2016', '3611012', 'NULL', '361', 60, 965, 34.5),
('2017', '3611012', 'NULL', '361', 88, 5979, 35),
('2013', '3611027', 'NULL', '361', 80, 2417, 44),
('2014', '3611027', 'NULL', '361', 72, 2343, 44.5),
('2015', '3611027', 'NULL', '361', 72, 2164, 43),
('2016', '3611027', 'NULL', '361', 96, 2383, 44.5),
('2017', '3611027', 'NULL', '361', 72, 2917, 43.5),
('2013', '3611035', 'NULL', '361', 30, 744, 33.6),
('2014', '3611035', 'NULL', '361', 30, 947, 33.5),
('2015', '3611035', 'NULL', '361', 30, 722, 33.8),
('2016', '3611035', 'NULL', '361', 30, 856, 34.2),
('2017', '3611035', 'NULL', '361', 40, 834, 34),
('2013', '3611043', 'NULL', '361', 21, 431, 35),
('2014', '3611043', 'NULL', '361', 21, 550, 36.5),
('2015', '3611043', 'NULL', '361', 21, 500, 36),
('2016', '3611043', 'NULL', '361', 21, 591, 36.7),
('2017', '3611043', 'NULL', '361', 28, 637, 37),
('2013', '3611051', 'NULL', '361', 21, 805, 42),
('2014', '3611051', 'NULL', '361', 21, 433, 41),
('2015', '3611051', 'NULL', '361', 21, 534, 41.6),
('2016', '3611051', 'NULL', '361', 21, 538, 42),
('2017', '3611051', 'NULL', '361', 28, 523, 43.2),
('2013', '3611066', 'NULL', '361', 69, 3719, 52),
('2014', '3611066', 'NULL', '361', 60, 3592, 53),
('2015', '3611066', 'NULL', '361', 53, 3188, 53.5),
('2016', '3611066', 'NULL', '361', 53, 3321, 53),
('2017', '3611066', 'NULL', '361', 70, 3777, 54),
('2013', '3611074', 'NULL', '361', 33, 820, 37.9),
('2014', '3611074', 'NULL', '361', 38, 899, 38.04),
('2015', '3611074', 'NULL', '361', 35, 934, 38.5),
('2016', '3611074', 'NULL', '361', 35, 1023, 39),
('2017', '3611074', 'NULL', '361', 46, 1129, 40),
('2013', '3611082', 'NULL', '361', 24, 1545, 40),
('2014', '3611082', 'NULL', '361', 28, 1623, 41),
('2015', '3611082', 'NULL', '361', 24, 1449, 42.3),
('2016', '3611082', 'NULL', '361', 24, 1609, 42.5),
('2017', '3611082', 'NULL', '361', 32, 1684, 43),
('2013', '3611097', 'NULL', '361', 46, 1754, 38),
('2014', '3611097', 'NULL', '361', 46, 1685, 39.5),
('2015', '3611097', 'NULL', '361', 46, 1508, 40),
('2016', '3611097', 'NULL', '361', 46, 1856, 40.3),
('2017', '3611097', 'NULL', '361', 61, 2040, 41),
('2013', '3611101', 'NULL', '361', 54, 1138, 39),
('2014', '3611101', 'NULL', '361', 54, 1119, 40.2),
('2015', '3611101', 'NULL', '361', 60, 973, 41.2),
('2016', '3611101', 'NULL', '361', 54, 1140, 40.19),
('2017', '3611101', 'NULL', '361', 72, 1176, 41),
('2013', '3611155', 'NULL', '361', 25, 357, 40),
('2014', '3611155', 'NULL', '361', 26, 373, 41),
('2015', '3611155', 'NULL', '361', 26, 347, 41.2),
('2016', '3611155', 'NULL', '361', 21, 297, 41.2),
('2017', '3611155', 'NULL', '361', 28, 362, 41.5),
('2013', '3611163', 'NULL', '361', 54, 692, 40),
('2014', '3611163', 'NULL', '361', 54, 535, 41.5),
('2015', '3611163', 'NULL', '361', 48, 574, 42.5),
('2016', '3611163', 'NULL', '361', 45, 580, 43.5),
('2017', '3611163', 'NULL', '361', 60, 716, 44),
('2013', '3611171', 'NULL', '361', 21, 546, 39),
('2014', '3611171', 'NULL', '361', 21, 570, 40),
('2015', '3611171', 'NULL', '361', 21, 472, 39.4),
('2016', '3611171', 'NULL', '361', 21, 628, 41),
('2017', '3611171', 'NULL', '361', 28, 663, 41.5),
('2013', '3611186', 'NULL', '361', 27, 1186, 47),
('2014', '3611186', 'NULL', '361', 27, 1252, 48.5),
('2015', '3611186', 'NULL', '361', 27, 1029, 48.5),
('2016', '3611186', 'NULL', '361', 27, 1334, 48.5),
('2017', '3611186', 'NULL', '361', 36, 1664, 45.5),
('2013', '3611194', 'NULL', '361', 21, 608, 41),
('2014', '3611194', 'NULL', '361', 25, 766, 41.5),
('2015', '3611194', 'NULL', '361', 21, 600, 42.04),
('2016', '3611194', 'NULL', '361', 18, 690, 43),
('2017', '3611194', 'NULL', '361', 24, 875, 44),
('2013', '3611205', 'NULL', '361', 23, 724, 37),
('2014', '3611205', 'NULL', '361', 23, 864, 37.6),
('2015', '3611205', 'NULL', '361', 23, 612, 38.5),
('2016', '3611205', 'NULL', '361', 15, 461, 38.5),
('2017', '3611205', 'NULL', '361', 20, 424, 36),
('2013', '3611213', 'NULL', '361', 27, 440, 43),
('2014', '3611213', 'NULL', '361', 27, 488, 44.5),
('2015', '3611213', 'NULL', '361', 27, 472, 43.5),
('2016', '3611213', 'NULL', '361', 27, 570, 44.04),
('2017', '3611213', 'NULL', '361', 36, 546, 45),
('2013', '3611221', 'NULL', '361', 12, 286, 36),
('2014', '3611221', 'NULL', '361', 14, 431, 37.2),
('2015', '3611221', 'NULL', '361', 21, 431, 37.4),
('2016', '3611221', 'NULL', '361', 23, 575, 38),
('2017', '3611221', 'NULL', '361', 30, 559, 38.3),
('2013', '3611244', 'NULL', '361', 12, 257, 37),
('2014', '3611244', 'NULL', '361', 15, 399, 38.3),
('2015', '3611244', 'NULL', '361', 15, 344, 37.6),
('2016', '3611244', 'NULL', '361', 15, 367, 38.02),
('2017', '3611244', 'NULL', '361', 20, 419, 39),
('2013', '3611275', 'NULL', '361', 9, 191, 33),
('2014', '3611275', 'NULL', '361', 8, 186, 34),
('2015', '3611275', 'NULL', '361', 8, 165, 33.5),
('2016', '3611275', 'NULL', '361', 8, 176, 34),
('2017', '3611275', 'NULL', '361', 10, 238, 34.6),
('2013', '3611291', 'NULL', '361', 14, 309, 33.2),
('2014', '3611291', 'NULL', '361', 14, 306, 33),
('2015', '3611291', 'NULL', '361', 17, 392, 33.5),
('2016', '3611291', 'NULL', '361', 17, 311, 33.5),
('2017', '3611291', 'NULL', '361', 22, 358, 33.8),
('2013', '3611317', 'NULL', '361', 9, 123, 37),
('2014', '3611317', 'NULL', '361', 9, 180, 36),
('2015', '3611317', 'NULL', '361', 9, 164, 34.5),
('2016', '3611317', 'NULL', '361', 9, 177, 35),
('2017', '3611317', 'NULL', '361', 12, 269, 36.4),
('2013', '3611325', 'NULL', '361', 72, 1013, 37),
('2014', '3611325', 'NULL', '361', 72, 939, 38),
('2015', '3611325', 'NULL', '361', 72, 1089, 38.2),
('2016', '3611325', 'NULL', '361', 72, 1003, 38.7),
('2017', '3611325', 'NULL', '361', 96, 1121, 39),
('2013', '3611333', 'NULL', '361', 24, 1271, 39),
('2014', '3611333', 'NULL', '361', 30, 1429, 40),
('2015', '3611333', 'NULL', '361', 27, 1223, 41),
('2016', '3611333', 'NULL', '361', 27, 1693, 40),
('2017', '3611333', 'NULL', '361', 36, 1790, 39),
('2013', '3611341', 'NULL', '361', 21, 947, 37),
('2014', '3611341', 'NULL', '361', 25, 1208, 36.5),
('2015', '3611341', 'NULL', '361', 24, 919, 38),
('2016', '3611341', 'NULL', '361', 24, 1352, 37),
('2017', '3611341', 'NULL', '361', 36, 1329, 36),
('2013', '3611356', 'NULL', '361', 27, 915, 34),
('2014', '3611356', 'NULL', '361', 30, 1120, 35),
('2015', '3611356', 'NULL', '361', 33, 862, 35),
('2016', '3611356', 'NULL', '361', 33, 922, 35),
('2017', '3611356', 'NULL', '361', 48, 811, 32.7),
('2013', '3611364', 'NULL', '361', 36, 1875, 40),
('2014', '3611364', 'NULL', '361', 40, 2117, 40.5),
('2015', '3611364', 'NULL', '361', 36, 1335, 41),
('2016', '3611364', 'NULL', '361', 36, 950, 41),
('2017', '3611364', 'NULL', '361', 48, 1020, 41.5),
('2013', '3611372', 'NULL', '361', 42, 1076, 45),
('2014', '3611372', 'NULL', '361', 49, 1157, 45.5),
('2015', '3611372', 'NULL', '361', 45, 912, 44),
('2016', '3611372', 'NULL', '361', 45, 1086, 45.2),
('2017', '3611372', 'NULL', '361', 68, 1089, 43),
('2013', '3611387', 'NULL', '361', 36, 990, 47),
('2014', '3611387', 'NULL', '361', 45, 1276, 49.4),
('2015', '3611387', 'NULL', '361', 45, 965, 49.4),
('2016', '3611387', 'NULL', '361', 45, 1320, 50),
('2017', '3611387', 'NULL', '361', 40, 1278, 49),
('2013', '3611395', 'NULL', '361', 42, 1606, 42),
('2014', '3611395', 'NULL', '361', 50, 1852, 43.4),
('2015', '3611395', 'NULL', '361', 48, 1536, 2.4),
('2016', '3611395', 'NULL', '361', 48, 1792, 43.4),
('2017', '3611395', 'NULL', '361', 56, 1855, 44),
('2013', '3611406', 'NULL', '361', 45, 1579, 0),
('2014', '3611406', 'NULL', '361', 50, 2080, 45),
('2015', '3611406', 'NULL', '361', 50, 1763, 45),
('2016', '3611406', 'NULL', '361', 50, 2399, 45),
('2017', '3611406', 'NULL', '361', 66, 2565, 38.5),
('2013', '3611414', 'NULL', '361', 14, 433, 46),
('2014', '3611414', 'NULL', '361', 20, 565, 47.3),
('2015', '3611414', 'NULL', '361', 18, 440, 46),
('2016', '3611414', 'NULL', '361', 18, 606, 47.3),
('2017', '3611414', 'NULL', '361', 26, 609, 45),
('2013', '3611422', 'NULL', '361', 33, 570, 43),
('2014', '3611422', 'NULL', '361', 45, 727, 44),
('2015', '3611422', 'NULL', '361', 45, 669, 45),
('2016', '3611422', 'NULL', '361', 30, 594, 44),
('2017', '3611422', 'NULL', '361', 48, 622, 43.7),
('2013', '3611437', 'NULL', '361', 42, 1292, 52),
('2014', '3611437', 'NULL', '361', 40, 1373, 53),
('2015', '3611437', 'NULL', '361', 36, 1116, 52.5),
('2016', '3611437', 'NULL', '361', 36, 1489, 53),
('2017', '3611437', 'NULL', '361', 44, 1546, 42),
('2013', '3611445', 'NULL', '361', 30, 525, 41),
('2014', '3611445', 'NULL', '361', 35, 668, 42.61),
('2015', '3611445', 'NULL', '361', 30, 526, 42),
('2016', '3611445', 'NULL', '361', 27, 463, 42.61),
('2017', '3611445', 'NULL', '361', 36, 640, 43),
('2013', '3611453', 'NULL', '361', 30, 961, 40),
('2014', '3611453', 'NULL', '361', 35, 1127, 41),
('2015', '3611453', 'NULL', '361', 30, 989, 42),
('2016', '3611453', 'NULL', '361', 30, 1236, 39.66),
('2017', '3611453', 'NULL', '361', 40, 1383, 40.5),
('2013', '3611461', 'NULL', '361', 30, 612, 43),
('2014', '3611461', 'NULL', '361', 35, 708, 44),
('2015', '3611461', 'NULL', '361', 30, 565, 43),
('2016', '3611461', 'NULL', '361', 30, 816, 44.36),
('2017', '3611461', 'NULL', '361', 40, 658, 37.5),
('2013', '3821016', 'NULL', '382', 30, 272, 37),
('2014', '3821016', 'NULL', '382', 38, 579, 38.5),
('2015', '3821016', 'NULL', '382', 36, 361, 37),
('2016', '3821016', 'NULL', '382', 30, 340, 36.5),
('2017', '3821016', 'NULL', '382', 52, 477, 37),
('2013', '3821024', 'NULL', '382', 40, 547, 41),
('2014', '3821024', 'NULL', '382', 40, 441, 42.61),
('2015', '3821024', 'NULL', '382', 36, 493, 43),
('2016', '3821024', 'NULL', '382', 41, 550, 44),
('2017', '3821024', 'NULL', '382', 52, 612, 45),
('2013', '3821032', 'NULL', '382', 45, 781, 42),
('2014', '3821032', 'NULL', '382', 40, 729, 43.65),
('2015', '3821032', 'NULL', '382', 40, 759, 44),
('2016', '3821032', 'NULL', '382', 38, 873, 43.65),
('2017', '3821032', 'NULL', '382', 52, 1047, 44.5),
('2013', '3821047', 'NULL', '382', 36, 577, 45),
('2014', '3821047', 'NULL', '382', 36, 467, 44.3),
('2015', '3821047', 'NULL', '382', 40, 586, 45),
('2016', '3821047', 'NULL', '382', 37, 439, 44.6),
('2017', '3821047', 'NULL', '382', 48, 556, 45.5),
('2013', '3821055', 'NULL', '382', 25, 457, 41),
('2014', '3821055', 'NULL', '382', 29, 524, 40),
('2015', '3821055', 'NULL', '382', 32, 644, 41),
('2016', '3821055', 'NULL', '382', 28, 444, 41.5),
('2017', '3821055', 'NULL', '382', 36, 524, 42),
('2013', '3821063', 'NULL', '382', 60, 1702, 43),
('2014', '3821063', 'NULL', '382', 60, 2068, 44),
('2015', '3821063', 'NULL', '382', 60, 1784, 43.5),
('2016', '3821063', 'NULL', '382', 62, 2035, 44.2),
('2017', '3821063', 'NULL', '382', 90, 2144, 43.5),
('2013', '3821071', 'NULL', '382', 60, 1170, 54),
('2014', '3821071', 'NULL', '382', 60, 1483, 53),
('2015', '3821071', 'NULL', '382', 48, 1199, 54.4),
('2016', '3821071', 'NULL', '382', 48, 1415, 53),
('2017', '3821071', 'NULL', '382', 64, 1551, 54),
('2013', '3821086', 'NULL', '382', 54, 1095, 544),
('2014', '3821086', 'NULL', '382', 48, 1111, 53),
('2015', '3821086', 'NULL', '382', 51, 956, 54.5),
('2016', '3821086', 'NULL', '382', 51, 965, 54),
('2017', '3821086', 'NULL', '382', 64, 1185, 42),
('2013', '3821094', 'NULL', '382', 45, 1, 47),
('2014', '3821094', 'NULL', '382', 36, 11024, 46.69),
('2015', '3821094', 'NULL', '382', 36, 898, 45),
('2016', '3821094', 'NULL', '382', 46, 1038, 46.2),
('2017', '3821094', 'NULL', '382', 60, 957, 46),
('2013', '3821105', 'NULL', '382', 60, 1171, 38),
('2014', '3821105', 'NULL', '382', 45, 1356, 37.83),
('2015', '3821105', 'NULL', '382', 42, 1225, 37.83),
('2016', '3821105', 'NULL', '382', 60, 1621, 37.83),
('2017', '3821105', 'NULL', '382', 80, 1833, 41),
('2013', '3821113', 'NULL', '382', 45, 1303, 43),
('2014', '3821113', 'NULL', '382', 45, 1464, 44.65),
('2015', '3821113', 'NULL', '382', 42, 1235, 44),
('2016', '3821113', 'NULL', '382', 39, 1161, 44.65),
('2017', '3821113', 'NULL', '382', 52, 1019, 45),
('2013', '3821121', 'NULL', '382', 45, 1368, 46),
('2014', '3821121', 'NULL', '382', 45, 1685, 47),
('2015', '3821121', 'NULL', '382', 45, 1653, 47.4),
('2016', '3821121', 'NULL', '382', 45, 1877, 47.75),
('2017', '3821121', 'NULL', '382', 60, 2246, 46),
('2013', '3821136', 'NULL', '382', 30, 1123, 48),
('2014', '3821136', 'NULL', '382', 30, 1, 49),
('2015', '3821136', 'NULL', '382', 30, 1135, 47),
('2016', '3821136', 'NULL', '382', 31, 1314, 48),
('2017', '3821136', 'NULL', '382', 40, 1623, 49.5),
('2013', '3821144', 'NULL', '382', 36, 1053, 46),
('2014', '3821144', 'NULL', '382', 33, 1023, 45.5),
('2015', '3821144', 'NULL', '382', 33, 904, 45.6),
('2016', '3821144', 'NULL', '382', 35, 997, 45.5),
('2017', '3821144', 'NULL', '382', 44, 1124, 33),
('2013', '3821152', 'NULL', '382', 30, 457, 36),
('2014', '3821152', 'NULL', '382', 30, 730, 37),
('2015', '3821152', 'NULL', '382', 30, 611, 38),
('2016', '3821152', 'NULL', '382', 33, 510, 37),
('2017', '3821152', 'NULL', '382', 44, 748, 38),
('2013', '3821167', 'NULL', '382', 24, 778, 39),
('2014', '3821167', 'NULL', '382', 30, 1009, 40.48),
('2015', '3821167', 'NULL', '382', 30, 810, 41),
('2013', '3211015', 'NULL', '321', 54, 3057, 54),
('2014', '3211015', 'NULL', '321', 54, 2947, 55.5),
('2015', '3211015', 'NULL', '321', 72, 2829, 55),
('2016', '3211015', 'NULL', '321', 126, 2940, 56.5),
('2017', '3211015', 'NULL', '321', 126, 4041, 58),
('2013', '3211023', 'NULL', '321', 39, 1162, 39),
('2014', '3211023', 'NULL', '321', 39, 1209, 41),
('2015', '3211023', 'NULL', '321', 52, 1100, 41.5),
('2016', '3211023', 'NULL', '321', 91, 1399, 41.5),
('2017', '3211023', 'NULL', '321', 91, 2040, 42),
('2013', '3211031', 'NULL', '321', 18, 708, 36),
('2014', '3211031', 'NULL', '321', 30, 830, 37),
('2015', '3211031', 'NULL', '321', 40, 698, 35.5),
('2016', '3211031', 'NULL', '321', 70, 929, 37),
('2017', '3211031', 'NULL', '321', 56, 1083, 33.5),
('2013', '3211046', 'NULL', '321', 21, 669, 36),
('2014', '3211046', 'NULL', '321', 27, 503, 36.5),
('2015', '3211046', 'NULL', '321', 40, 484, 36.5),
('2016', '3211046', 'NULL', '321', 70, 682, 36.5),
('2017', '3211046', 'NULL', '321', 76, 843, 37),
('2013', '3211054', 'NULL', '321', 27, 654, 31),
('2014', '3211054', 'NULL', '321', 30, 639, 31.5),
('2015', '3211054', 'NULL', '321', 40, 500, 32),
('2016', '3211054', 'NULL', '321', 70, 594, 32),
('2017', '3211054', 'NULL', '321', 74, 761, 32.5),
('2013', '3211062', 'NULL', '321', 24, 822, 33),
('2014', '3211062', 'NULL', '321', 30, 822, 32.5),
('2015', '3211062', 'NULL', '321', 40, 727, 34),
('2016', '3211062', 'NULL', '321', 70, 801, 34),
('2017', '3211062', 'NULL', '321', 75, 1080, 35),
('2013', '3211077', 'NULL', '321', 30, 1348, 46),
('2014', '3211077', 'NULL', '321', 30, 1165, 47),
('2015', '3211077', 'NULL', '321', 48, 1189, 47.5),
('2016', '3211077', 'NULL', '321', 84, 1193, 48.5),
('2017', '3211077', 'NULL', '321', 91, 1768, 48),
('2013', '3211085', 'NULL', '321', 24, 772, 29),
('2014', '3211085', 'NULL', '321', 30, 778, 29.5),
('2015', '3211085', 'NULL', '321', 40, 796, 30.5),
('2016', '3211085', 'NULL', '321', 70, 690, 30),
('2017', '3211085', 'NULL', '321', 76, 808, 31),
('2013', '3211093', 'NULL', '321', 24, 1038, 40),
('2014', '3211093', 'NULL', '321', 24, 1198, 42),
('2015', '3211093', 'NULL', '321', 30, 1127, 42),
('2016', '3211093', 'NULL', '321', 52, 1481, 42),
('2017', '3211093', 'NULL', '321', 59, 1855, 38.5),
('2013', '3211104', 'NULL', '321', 24, 973, 42),
('2014', '3211104', 'NULL', '321', 24, 1152, 43),
('2015', '3211104', 'NULL', '321', 32, 1065, 43.5),
('2016', '3211104', 'NULL', '321', 56, 1169, 43),
('2017', '3211104', 'NULL', '321', 60, 1376, 44),
('2013', '3211112', 'NULL', '321', 24, 661, 48),
('2014', '3211112', 'NULL', '321', 24, 881, 49.5),
('2015', '3211112', 'NULL', '321', 32, 822, 50),
('2016', '3211112', 'NULL', '321', 56, 892, 49.5),
('2017', '3211112', 'NULL', '321', 58, 1073, 49),
('2013', '3211127', 'NULL', '321', 24, 661, 41),
('2014', '3211127', 'NULL', '321', 24, 881, 40.5),
('2015', '3211127', 'NULL', '321', 32, 822, 39.5),
('2016', '3211127', 'NULL', '321', 56, 892, 40.5),
('2017', '3211127', 'NULL', '321', 58, 1073, 41.5),
('2013', '3211135', 'NULL', '321', 24, 982, 41),
('2014', '3211135', 'NULL', '321', 24, 1082, 42),
('2015', '3211135', 'NULL', '321', 32, 906, 41),
('2016', '3211135', 'NULL', '321', 56, 887, 41.5),
('2017', '3211135', 'NULL', '321', 61, 1121, 39.2),
('2013', '3211143', 'NULL', '321', 24, 1028, 48),
('2014', '3211143', 'NULL', '321', 24, 995, 47.5),
('2015', '3211143', 'NULL', '321', 28, 954, 46),
('2016', '3211143', 'NULL', '321', 49, 928, 49),
('2017', '3211143', 'NULL', '321', 63, 1209, 47),
('2013', '3211151', 'NULL', '321', 40, 762, 33),
('2014', '3211151', 'NULL', '321', 39, 854, 35),
('2015', '3211151', 'NULL', '321', 52, 830, 35),
('2016', '3211151', 'NULL', '321', 70, 950, 35),
('2017', '3211151', 'NULL', '321', 60, 1169, 31.3),
('2013', '3211166', 'NULL', '321', 24, 1326, 47),
('2014', '3211166', 'NULL', '321', 39, 1339, 48),
('2015', '3211166', 'NULL', '321', 52, 1317, 48),
('2016', '3211166', 'NULL', '321', 86, 1601, 50),
('2017', '3211166', 'NULL', '321', 91, 2100, 50.1),
('2013', '3211174', 'NULL', '321', 45, 1936, 36),
('2014', '3211174', 'NULL', '321', 45, 1980, 37),
('2015', '3211174', 'NULL', '321', 60, 1505, 37),
('2016', '3211174', 'NULL', '321', 105, 1620, 37),
('2017', '3211174', 'NULL', '321', 105, 2413, 34.2),
('2013', '3211182', 'NULL', '321', 24, 1025, 47),
('2014', '3211182', 'NULL', '321', 24, 1245, 49.2),
('2015', '3211182', 'NULL', '321', 32, 1076, 48.5),
('2016', '3211182', 'NULL', '321', 56, 1278, 49.2),
('2017', '3211182', 'NULL', '321', 66, 1577, 51.2),
('2013', '3211197', 'NULL', '321', 18, 494, 36),
('2014', '3211197', 'NULL', '321', 18, 628, 37.5),
('2015', '3211197', 'NULL', '321', 24, 558, 38),
('2016', '3211197', 'NULL', '321', 42, 713, 37.5),
('2017', '3211197', 'NULL', '321', 42, 807, 35),
('2013', '3211201', 'NULL', '321', 18, 790, 42),
('2014', '3211201', 'NULL', '321', 18, 827, 41),
('2015', '3211201', 'NULL', '321', 24, 626, 42.5),
('2016', '3211201', 'NULL', '321', 42, 847, 41),
('2017', '3211201', 'NULL', '321', 42, 957, 37.2),
('2013', '3211216', 'NULL', '321', 18, 962, 49),
('2014', '3211216', 'NULL', '321', 18, 1135, 50),
('2015', '3211216', 'NULL', '321', 32, 1028, 51),
('2016', '3211216', 'NULL', '321', 56, 1182, 50),
('2017', '3211216', 'NULL', '321', 56, 1505, 48.6),
('2013', '3211224', 'NULL', '321', 18, 1189, 39),
('2014', '3211224', 'NULL', '321', 30, 1216, 40),
('2015', '3211224', 'NULL', '321', 62, 1286, 41),
('2016', '3211224', 'NULL', '321', 87, 1648, 40),
('2017', '3211224', 'NULL', '321', 91, 2254, 39.5),
('2013', '3211232', 'NULL', '321', 18, 1050, 43),
('2014', '3211232', 'NULL', '321', 18, 1117, 42),
('2015', '3211232', 'NULL', '321', 20, 1035, 43),
('2016', '3211232', 'NULL', '321', 35, 1237, 44.5),
('2017', '3211232', 'NULL', '321', 35, 1621, 45),
('2013', '3211247', 'NULL', '321', 18, 966, 37.8),
('2014', '3211247', 'NULL', '321', 18, 1065, 39),
('2015', '3211247', 'NULL', '321', 20, 781, 38),
('2016', '3211247', 'NULL', '321', 35, 879, 39),
('2017', '3211247', 'NULL', '321', 42, 1052, 40),
('2013', '3211255', 'NULL', '321', 23, 1410, 35),
('2014', '3211255', 'NULL', '321', 15, 1413, 36),
('2015', '3211255', 'NULL', '321', 20, 1016, 35.5),
('2016', '3211255', 'NULL', '321', 42, 1253, 35),
('2017', '3211255', 'NULL', '321', 42, 2063, 37),
('2013', '3341015', 'NULL', '334', 30, 1082, 33),
('2014', '3341015', 'NULL', '334', 30, 1188, 33.6),
('2015', '3341015', 'NULL', '334', 30, 993, 32.8),
('2016', '3341015', 'NULL', '334', 32, 1212, 33.5),
('2017', '3341015', 'NULL', '334', 32, 1133, 34),
('2013', '3341023', 'NULL', '334', 30, 727, 33),
('2014', '3341023', 'NULL', '334', 30, 705, 32.6),
('2015', '3341023', 'NULL', '334', 30, 601, 32),
('2016', '3341023', 'NULL', '334', 32, 485, 32.7),
('2017', '3341023', 'NULL', '334', 33, 473, 32.3),
('2013', '3341031', 'NULL', '334', 30, 1302, 33),
('2014', '3341031', 'NULL', '334', 30, 1331, 34),
('2015', '3341031', 'NULL', '334', 30, 1094, 33.2),
('2016', '3341031', 'NULL', '334', 35, 1120, 33.7),
('2017', '3341031', 'NULL', '334', 32, 1047, 32),
('2013', '3341046', 'NULL', '334', 30, 1014, 32),
('2014', '3341046', 'NULL', '334', 30, 772, 31),
('2015', '3341046', 'NULL', '334', 30, 770, 32.2),
('2016', '3341046', 'NULL', '334', 32, 662, 31.5),
('2017', '3341046', 'NULL', '334', 32, 704, 32),
('2013', '3341054', 'NULL', '334', 30, 712, 34),
('2014', '3341054', 'NULL', '334', 30, 601, 34.4),
('2015', '3341054', 'NULL', '334', 15, 523, 33),
('2016', '3341054', 'NULL', '334', 18, 393, 33.5),
('2017', '3341054', 'NULL', '334', 18, 467, 34.2),
('2013', '3341062', 'NULL', '334', 15, 496, 37),
('2014', '3341062', 'NULL', '334', 15, 555, 37.3),
('2015', '3341062', 'NULL', '334', 15, 511, 37.8),
('2016', '3341062', 'NULL', '334', 18, 528, 38),
('2017', '3341062', 'NULL', '334', 18, 612, 39),
('2013', '3341077', 'NULL', '334', 15, 310, 37),
('2014', '3341077', 'NULL', '334', 15, 318, 37.2),
('2015', '3341077', 'NULL', '334', 15, 318, 37.08),
('2016', '3341077', 'NULL', '334', 16, 244, 35),
('2017', '3341077', 'NULL', '334', 14, 260, 33.4),
('2013', '3341085', 'NULL', '334', 15, 847, 29),
('2014', '3341085', 'NULL', '334', 15, 984, 30),
('2015', '3341085', 'NULL', '334', 15, 888, 31.2),
('2016', '3341085', 'NULL', '334', 13, 681, 30),
('2017', '3341085', 'NULL', '334', 14, 853, 30.2),
('2013', '3341093', 'NULL', '334', 15, 699, 36.1),
('2014', '3341093', 'NULL', '334', 15, 562, 37),
('2015', '3341093', 'NULL', '334', 24, 669, 37.2),
('2016', '3341093', 'NULL', '334', 25, 611, 37.08),
('2017', '3341093', 'NULL', '334', 28, 695, 37.3),
('2013', '3341104', 'NULL', '334', 30, 1520, 43.2),
('2014', '3341104', 'NULL', '334', 30, 1564, 43.3),
('2015', '3341104', 'NULL', '334', 15, 1392, 42),
('2016', '3341104', 'NULL', '334', 18, 1220, 40),
('2017', '3341104', 'NULL', '334', 18, 1439, 41.3),
('2013', '3341112', 'NULL', '334', 18, 301, 35),
('2014', '3341112', 'NULL', '334', 18, 315, 35.3),
('2015', '3341112', 'NULL', '334', 18, 350, 36),
('2016', '3341112', 'NULL', '334', 19, 373, 36.2),
('2017', '3341112', 'NULL', '334', 25, 425, 36.5),
('2013', '3341127', 'NULL', '334', 15, 188, 33),
('2014', '3341127', 'NULL', '334', 18, 234, 33.4),
('2015', '3341127', 'NULL', '334', 25, 298, 34),
('2016', '3341127', 'NULL', '334', 29, 284, 34.2),
('2017', '3341127', 'NULL', '334', 36, 336, 34.5),
('2013', '3341143', 'NULL', '334', 30, 364, 36),
('2014', '3341143', 'NULL', '334', 18, 282, 37.2),
('2015', '3341143', 'NULL', '334', 30, 399, 37.4),
('2016', '3341143', 'NULL', '334', 34, 298, 35.9),
('2017', '3341143', 'NULL', '334', 36, 360, 36.5),
('2013', '3341151', 'NULL', '334', 30, 561, 35),
('2014', '3341151', 'NULL', '334', 28, 592, 36.65),
('2015', '3341151', 'NULL', '334', 30, 653, 36.6),
('2016', '3341151', 'NULL', '334', 51, 628, 36.7),
('2017', '3341151', 'NULL', '334', 50, 592, 37.2),
('2013', '3341166', 'NULL', '334', 30, 228, 35.4),
('2014', '3341166', 'NULL', '334', 30, 405, 36.14),
('2015', '3341166', 'NULL', '334', 50, 405, 36.14),
('2016', '3341166', 'NULL', '334', 52, 405, 36.14),
('2017', '3341166', 'NULL', '334', 67, 405, 37),
('2013', '3341174', 'NULL', '334', 15, 680, 31),
('2014', '3341174', 'NULL', '334', 18, 896, 31.2),
('2015', '3341174', 'NULL', '334', 18, 967, 32),
('2016', '3341174', 'NULL', '334', 19, 937, 31.6),
('2017', '3341174', 'NULL', '334', 34, 1057, 32.5),
('2013', '3341182', 'NULL', '334', 18, 581, 35),
('2014', '3341182', 'NULL', '334', 18, 756, 36),
('2015', '3341182', 'NULL', '334', 21, 848, 36.3),
('2016', '3341182', 'NULL', '334', 27, 594, 35),
('2017', '3341182', 'NULL', '334', 33, 611, 36),
('2013', '3341197', 'NULL', '334', 15, 1134, 42),
('2014', '3341197', 'NULL', '334', 20, 1391, 41),
('2015', '3341197', 'NULL', '334', 30, 1615, 42),
('2016', '3341197', 'NULL', '334', 35, 1614, 43),
('2017', '3341197', 'NULL', '334', 45, 1710, 44.2),
('2013', '3341216', 'NULL', '334', 18, 825, 37),
('2014', '3341216', 'NULL', '334', 15, 972, 37.2),
('2015', '3341216', 'NULL', '334', 18, 990, 37.8),
('2016', '3341216', 'NULL', '334', 23, 1061, 38.2),
('2017', '3341216', 'NULL', '334', 24, 1138, 39),
('2013', '3551012', 'NULL', '355', 135, 2310, 38),
('2014', '3551012', 'NULL', '355', 135, 2453, 38.7),
('2015', '3551012', 'NULL', '355', 120, 2232, 38.4),
('2016', '3551012', 'NULL', '355', 105, 2648, 39),
('2017', '3551012', 'NULL', '355', 138, 2906, 39.5),
('2013', '3551027', 'NULL', '355', 66, 3585, 49),
('2014', '3551027', 'NULL', '355', 96, 3034, 50),
('2015', '3551027', 'NULL', '355', 72, 3274, 51),
('2016', '3551027', 'NULL', '355', 66, 3106, 50.5),
('2017', '3551027', 'NULL', '355', 96, 3647, 49),
('2013', '3551043', 'NULL', '355', 45, 1596, 39),
('2014', '3551043', 'NULL', '355', 43, 1744, 39.5),
('2015', '3551043', 'NULL', '355', 48, 1775, 39.8),
('2016', '3551043', 'NULL', '355', 48, 2092, 40),
('2017', '3551043', 'NULL', '355', 56, 2146, 40.7),
('2013', '3551051', 'NULL', '355', 33, 541, 34.2),
('2014', '3551051', 'NULL', '355', 33, 526, 35.3),
('2015', '3551051', 'NULL', '355', 33, 535, 36),
('2016', '3551051', 'NULL', '355', 33, 646, 35.3),
('2017', '3551051', 'NULL', '355', 50, 645, 36),
('2013', '3551066', 'NULL', '355', 42, 448, 35.7),
('2014', '3551066', 'NULL', '355', 42, 788, 33.7),
('2015', '3551066', 'NULL', '355', 42, 689, 40),
('2016', '3551066', 'NULL', '355', 42, 667, 33.7),
('2017', '3551066', 'NULL', '355', 64, 797, 35),
('2013', '3551074', 'NULL', '355', 42, 604, 36),
('2014', '3551074', 'NULL', '355', 42, 513, 37.6),
('2015', '3551074', 'NULL', '355', 42, 627, 44.66),
('2016', '3551074', 'NULL', '355', 42, 540, 37.6),
('2017', '3551074', 'NULL', '355', 64, 656, 26.5),
('2013', '3551082', 'NULL', '355', 42, 437, 35),
('2014', '3551082', 'NULL', '355', 42, 540, 36.8),
('2015', '3551082', 'NULL', '355', 42, 592, 42.19),
('2016', '3551082', 'NULL', '355', 42, 414, 36.8),
('2017', '3551082', 'NULL', '355', 54, 420, 26.5),
('2013', '3551097', 'NULL', '355', 27, 691, 36),
('2014', '3551097', 'NULL', '355', 27, 848, 37.9),
('2015', '3551097', 'NULL', '355', 33, 841, 43.65),
('2016', '3551097', 'NULL', '355', 33, 1208, 37.9),
('2017', '3551097', 'NULL', '355', 50, 1191, 31),
('2013', '3551101', 'NULL', '355', 42, 1960, 39),
('2014', '3551101', 'NULL', '355', 42, 2180, 40),
('2015', '3551101', 'NULL', '355', 42, 1905, 43),
('2016', '3551101', 'NULL', '355', 42, 2177, 42),
('2017', '3551101', 'NULL', '355', 54, 2296, 40),
('2013', '3551116', 'NULL', '355', 24, 384, 31),
('2014', '3551116', 'NULL', '355', 24, 574, 30.7),
('2015', '3551116', 'NULL', '355', 30, 821, 30.7),
('2016', '3551116', 'NULL', '355', 30, 672, 30.6),
('2017', '3551116', 'NULL', '355', 34, 706, 23),
('2013', '3551147', 'NULL', '355', 36, 412, 35),
('2014', '3551147', 'NULL', '355', 36, 525, 36.9),
('2015', '3551147', 'NULL', '355', 48, 924, 37),
('2016', '3551147', 'NULL', '355', 54, 873, 36.9),
('2017', '3551147', 'NULL', '355', 82, 1135, 30.5),
('2013', '3551155', 'NULL', '355', 24, 439, 33),
('2014', '3551155', 'NULL', '355', 30, 646, 32),
('2015', '3551155', 'NULL', '355', 36, 781, 34),
('2016', '3551155', 'NULL', '355', 36, 1023, 34.5),
('2017', '3551155', 'NULL', '355', 54, 996, 34),
('2013', '3551163', 'NULL', '355', 24, 353, 35),
('2014', '3551163', 'NULL', '355', 24, 446, 34),
('2015', '3551163', 'NULL', '355', 30, 621, 35),
('2016', '3551163', 'NULL', '355', 30, 500, 33),
('2017', '3551163', 'NULL', '355', 46, 606, 29),
('2013', '3551171', 'NULL', '355', 84, 1884, 0),
('2014', '3551171', 'NULL', '355', 75, 2123, 40.5),
('2015', '3551171', 'NULL', '355', 72, 2208, 40.5),
('2016', '3551171', 'NULL', '355', 69, 2365, 41),
('2017', '3551171', 'NULL', '355', 100, 2774, 40),
('2013', '3551186', 'NULL', '355', 48, 1213, 0),
('2014', '3551186', 'NULL', '355', 48, 1151, 42.3),
('2015', '3551186', 'NULL', '355', 42, 1310, 42),
('2016', '3551186', 'NULL', '355', 36, 1492, 41),
('2017', '3551186', 'NULL', '355', 54, 1680, 42.5),
('2013', '3551194', 'NULL', '355', 66, 1464, 42.5),
('2014', '3551194', 'NULL', '355', 60, 1641, 43.7),
('2015', '3551194', 'NULL', '355', 54, 1805, 43.7),
('2016', '3551194', 'NULL', '355', 48, 1662, 43.7),
('2017', '3551194', 'NULL', '355', 72, 1684, 34),
('2013', '3551205', 'NULL', '355', 66, 1329, 43),
('2014', '3551205', 'NULL', '355', 72, 1290, 44),
('2015', '3551205', 'NULL', '355', 66, 1190, 43),
('2016', '3551205', 'NULL', '355', 66, 1370, 44),
('2017', '3551205', 'NULL', '355', 100, 1461, 37.5),
('2013', '3551213', 'NULL', '355', 66, 1087, 38),
('2014', '3551213', 'NULL', '355', 45, 1087, 49),
('2015', '3551213', 'NULL', '355', 45, 1170, 48),
('2016', '3551213', 'NULL', '355', 45, 1498, 49),
('2017', '3551213', 'NULL', '355', 68, 1595, 38.5),
('2013', '3551221', 'NULL', '355', 42, 1192, 39),
('2014', '3551221', 'NULL', '355', 42, 1448, 40.7),
('2015', '3551221', 'NULL', '355', 42, 1505, 41),
('2016', '3551221', 'NULL', '355', 42, 1608, 40.7),
('2017', '3551221', 'NULL', '355', 64, 1647, 32.5),
('2013', '3551236', 'NULL', '355', 45, 1305, 43),
('2014', '3551236', 'NULL', '355', 45, 1336, 44.5),
('2015', '3551236', 'NULL', '355', 45, 1262, 42.5),
('2016', '3551236', 'NULL', '355', 48, 1738, 44.5),
('2017', '3551236', 'NULL', '355', 72, 1874, 38),
('2013', '3551244', 'NULL', '355', 36, 849, 38),
('2014', '3551244', 'NULL', '355', 36, 896, 39.7),
('2015', '3551244', 'NULL', '355', 36, 990, 38),
('2016', '3551244', 'NULL', '355', 36, 1151, 39.7),
('2017', '3551244', 'NULL', '355', 56, 982, 36),
('2013', '3551252', 'NULL', '355', 36, 734, 43),
('2014', '3551252', 'NULL', '355', 54, 977, 44.5),
('2015', '3551252', 'NULL', '355', 54, 1033, 43),
('2016', '3551252', 'NULL', '355', 45, 799, 44.2),
('2017', '3551252', 'NULL', '355', 60, 841, 45),
('2013', '3551267', 'NULL', '355', 36, 1641, 36),
('2014', '3551267', 'NULL', '355', 30, 1655, 37),
('2015', '3551267', 'NULL', '355', 24, 955, 36),
('2016', '3551267', 'NULL', '355', 30, 837, 37),
('2017', '3551267', 'NULL', '355', 46, 811, 36.5),
('2013', '3551275', 'NULL', '355', 30, 872, 38),
('2014', '3551275', 'NULL', '355', 30, 1093, 40),
('2015', '3551275', 'NULL', '355', 30, 890, 41),
('2016', '3551275', 'NULL', '355', 30, 781, 40),
('2017', '3551275', 'NULL', '355', 46, 765, 39),
('2013', '3551283', 'NULL', '355', 36, 827, 36),
('2014', '3551283', 'NULL', '355', 36, 847, 37.2),
('2015', '3551283', 'NULL', '355', 30, 859, 38),
('2016', '3551283', 'NULL', '355', 30, 937, 37.2),
('2017', '3551283', 'NULL', '355', 46, 1093, 37),
('2013', '3551291', 'NULL', '355', 90, 1189, 34),
('2014', '3551291', 'NULL', '355', 72, 1180, 35.2),
('2015', '3551291', 'NULL', '355', 72, 1396, 35.2),
('2016', '3551291', 'NULL', '355', 75, 1212, 35.2),
('2017', '3551291', 'NULL', '355', 114, 1319, 35),
('2013', '3551302', 'NULL', '355', 24, 1335, 35),
('2014', '3551302', 'NULL', '355', 24, 796, 36.5),
('2015', '3551302', 'NULL', '355', 30, 1065, 38),
('2016', '3551302', 'NULL', '355', 30, 1014, 36.5),
('2017', '3551302', 'NULL', '355', 46, 1174, 35),
('2013', '3551317', 'NULL', '355', 24, 706, 35),
('2014', '3551317', 'NULL', '355', 24, 541, 36),
('2015', '3551317', 'NULL', '355', 30, 773, 35),
('2016', '3551317', 'NULL', '355', 30, 752, 36),
('2017', '3551317', 'NULL', '355', 46, 802, 37),
('2013', '3611012', 'NULL', '361', 66, 968, 33),
('2014', '3611012', 'NULL', '361', 54, 915, 34.5),
('2015', '3611012', 'NULL', '361', 57, 1088, 35),
('2016', '3611012', 'NULL', '361', 60, 965, 34.5),
('2017', '3611012', 'NULL', '361', 88, 5979, 35),
('2013', '3611027', 'NULL', '361', 80, 2417, 44),
('2014', '3611027', 'NULL', '361', 72, 2343, 44.5),
('2015', '3611027', 'NULL', '361', 72, 2164, 43),
('2016', '3611027', 'NULL', '361', 96, 2383, 44.5),
('2017', '3611027', 'NULL', '361', 72, 2917, 43.5),
('2013', '3611035', 'NULL', '361', 30, 744, 33.6),
('2014', '3611035', 'NULL', '361', 30, 947, 33.5),
('2015', '3611035', 'NULL', '361', 30, 722, 33.8),
('2016', '3611035', 'NULL', '361', 30, 856, 34.2),
('2017', '3611035', 'NULL', '361', 40, 834, 34),
('2013', '3611043', 'NULL', '361', 21, 431, 35),
('2014', '3611043', 'NULL', '361', 21, 550, 36.5),
('2015', '3611043', 'NULL', '361', 21, 500, 36),
('2016', '3611043', 'NULL', '361', 21, 591, 36.7),
('2017', '3611043', 'NULL', '361', 28, 637, 37),
('2013', '3611051', 'NULL', '361', 21, 805, 42),
('2014', '3611051', 'NULL', '361', 21, 433, 41),
('2015', '3611051', 'NULL', '361', 21, 534, 41.6),
('2016', '3611051', 'NULL', '361', 21, 538, 42),
('2017', '3611051', 'NULL', '361', 28, 523, 43.2),
('2013', '3611066', 'NULL', '361', 69, 3719, 52),
('2014', '3611066', 'NULL', '361', 60, 3592, 53),
('2015', '3611066', 'NULL', '361', 53, 3188, 53.5),
('2016', '3611066', 'NULL', '361', 53, 3321, 53),
('2017', '3611066', 'NULL', '361', 70, 3777, 54),
('2013', '3611074', 'NULL', '361', 33, 820, 37.9),
('2014', '3611074', 'NULL', '361', 38, 899, 38.04),
('2015', '3611074', 'NULL', '361', 35, 934, 38.5),
('2016', '3611074', 'NULL', '361', 35, 1023, 39),
('2017', '3611074', 'NULL', '361', 46, 1129, 40),
('2013', '3611082', 'NULL', '361', 24, 1545, 40),
('2014', '3611082', 'NULL', '361', 28, 1623, 41),
('2015', '3611082', 'NULL', '361', 24, 1449, 42.3),
('2016', '3611082', 'NULL', '361', 24, 1609, 42.5),
('2017', '3611082', 'NULL', '361', 32, 1684, 43),
('2013', '3611097', 'NULL', '361', 46, 1754, 38),
('2014', '3611097', 'NULL', '361', 46, 1685, 39.5),
('2015', '3611097', 'NULL', '361', 46, 1508, 40),
('2016', '3611097', 'NULL', '361', 46, 1856, 40.3),
('2017', '3611097', 'NULL', '361', 61, 2040, 41),
('2013', '3611101', 'NULL', '361', 54, 1138, 39),
('2014', '3611101', 'NULL', '361', 54, 1119, 40.2),
('2015', '3611101', 'NULL', '361', 60, 973, 41.2),
('2016', '3611101', 'NULL', '361', 54, 1140, 40.19),
('2017', '3611101', 'NULL', '361', 72, 1176, 41),
('2013', '3611155', 'NULL', '361', 25, 357, 40),
('2014', '3611155', 'NULL', '361', 26, 373, 41),
('2015', '3611155', 'NULL', '361', 26, 347, 41.2),
('2016', '3611155', 'NULL', '361', 21, 297, 41.2),
('2017', '3611155', 'NULL', '361', 28, 362, 41.5),
('2013', '3611163', 'NULL', '361', 54, 692, 40),
('2014', '3611163', 'NULL', '361', 54, 535, 41.5),
('2015', '3611163', 'NULL', '361', 48, 574, 42.5),
('2016', '3611163', 'NULL', '361', 45, 580, 43.5),
('2017', '3611163', 'NULL', '361', 60, 716, 44),
('2013', '3611171', 'NULL', '361', 21, 546, 39),
('2014', '3611171', 'NULL', '361', 21, 570, 40),
('2015', '3611171', 'NULL', '361', 21, 472, 39.4),
('2016', '3611171', 'NULL', '361', 21, 628, 41),
('2017', '3611171', 'NULL', '361', 28, 663, 41.5),
('2013', '3611186', 'NULL', '361', 27, 1186, 47),
('2014', '3611186', 'NULL', '361', 27, 1252, 48.5),
('2015', '3611186', 'NULL', '361', 27, 1029, 48.5),
('2016', '3611186', 'NULL', '361', 27, 1334, 48.5),
('2017', '3611186', 'NULL', '361', 36, 1664, 45.5),
('2013', '3611194', 'NULL', '361', 21, 608, 41),
('2014', '3611194', 'NULL', '361', 25, 766, 41.5),
('2015', '3611194', 'NULL', '361', 21, 600, 42.04),
('2016', '3611194', 'NULL', '361', 18, 690, 43),
('2017', '3611194', 'NULL', '361', 24, 875, 44),
('2013', '3611205', 'NULL', '361', 23, 724, 37),
('2014', '3611205', 'NULL', '361', 23, 864, 37.6),
('2015', '3611205', 'NULL', '361', 23, 612, 38.5),
('2016', '3611205', 'NULL', '361', 15, 461, 38.5),
('2017', '3611205', 'NULL', '361', 20, 424, 36),
('2013', '3611213', 'NULL', '361', 27, 440, 43),
('2014', '3611213', 'NULL', '361', 27, 488, 44.5),
('2015', '3611213', 'NULL', '361', 27, 472, 43.5),
('2016', '3611213', 'NULL', '361', 27, 570, 44.04),
('2017', '3611213', 'NULL', '361', 36, 546, 45),
('2013', '3611221', 'NULL', '361', 12, 286, 36),
('2014', '3611221', 'NULL', '361', 14, 431, 37.2),
('2015', '3611221', 'NULL', '361', 21, 431, 37.4),
('2016', '3611221', 'NULL', '361', 23, 575, 38),
('2017', '3611221', 'NULL', '361', 30, 559, 38.3),
('2013', '3611244', 'NULL', '361', 12, 257, 37),
('2014', '3611244', 'NULL', '361', 15, 399, 38.3),
('2015', '3611244', 'NULL', '361', 15, 344, 37.6),
('2016', '3611244', 'NULL', '361', 15, 367, 38.02),
('2017', '3611244', 'NULL', '361', 20, 419, 39),
('2013', '3611275', 'NULL', '361', 9, 191, 33),
('2014', '3611275', 'NULL', '361', 8, 186, 34),
('2015', '3611275', 'NULL', '361', 8, 165, 33.5),
('2016', '3611275', 'NULL', '361', 8, 176, 34),
('2017', '3611275', 'NULL', '361', 10, 238, 34.6),
('2013', '3611291', 'NULL', '361', 14, 309, 33.2),
('2014', '3611291', 'NULL', '361', 14, 306, 33),
('2015', '3611291', 'NULL', '361', 17, 392, 33.5),
('2016', '3611291', 'NULL', '361', 17, 311, 33.5),
('2017', '3611291', 'NULL', '361', 22, 358, 33.8),
('2013', '3611317', 'NULL', '361', 9, 123, 37),
('2014', '3611317', 'NULL', '361', 9, 180, 36),
('2015', '3611317', 'NULL', '361', 9, 164, 34.5),
('2016', '3611317', 'NULL', '361', 9, 177, 35),
('2017', '3611317', 'NULL', '361', 12, 269, 36.4),
('2013', '3611325', 'NULL', '361', 72, 1013, 37),
('2014', '3611325', 'NULL', '361', 72, 939, 38),
('2015', '3611325', 'NULL', '361', 72, 1089, 38.2),
('2016', '3611325', 'NULL', '361', 72, 1003, 38.7),
('2017', '3611325', 'NULL', '361', 96, 1121, 39),
('2013', '3611333', 'NULL', '361', 24, 1271, 39),
('2014', '3611333', 'NULL', '361', 30, 1429, 40),
('2015', '3611333', 'NULL', '361', 27, 1223, 41),
('2016', '3611333', 'NULL', '361', 27, 1693, 40),
('2017', '3611333', 'NULL', '361', 36, 1790, 39),
('2013', '3611341', 'NULL', '361', 21, 947, 37),
('2014', '3611341', 'NULL', '361', 25, 1208, 36.5),
('2015', '3611341', 'NULL', '361', 24, 919, 38),
('2016', '3611341', 'NULL', '361', 24, 1352, 37),
('2017', '3611341', 'NULL', '361', 36, 1329, 36),
('2013', '3611356', 'NULL', '361', 27, 915, 34),
('2014', '3611356', 'NULL', '361', 30, 1120, 35),
('2015', '3611356', 'NULL', '361', 33, 862, 35),
('2016', '3611356', 'NULL', '361', 33, 922, 35),
('2017', '3611356', 'NULL', '361', 48, 811, 32.7),
('2013', '3611364', 'NULL', '361', 36, 1875, 40),
('2014', '3611364', 'NULL', '361', 40, 2117, 40.5),
('2015', '3611364', 'NULL', '361', 36, 1335, 41),
('2016', '3611364', 'NULL', '361', 36, 950, 41),
('2017', '3611364', 'NULL', '361', 48, 1020, 41.5),
('2013', '3611372', 'NULL', '361', 42, 1076, 45),
('2014', '3611372', 'NULL', '361', 49, 1157, 45.5),
('2015', '3611372', 'NULL', '361', 45, 912, 44),
('2016', '3611372', 'NULL', '361', 45, 1086, 45.2),
('2017', '3611372', 'NULL', '361', 68, 1089, 43),
('2013', '3611387', 'NULL', '361', 36, 990, 47),
('2014', '3611387', 'NULL', '361', 45, 1276, 49.4),
('2015', '3611387', 'NULL', '361', 45, 965, 49.4),
('2016', '3611387', 'NULL', '361', 45, 1320, 50),
('2017', '3611387', 'NULL', '361', 40, 1278, 49),
('2013', '3611395', 'NULL', '361', 42, 1606, 42),
('2014', '3611395', 'NULL', '361', 50, 1852, 43.4),
('2015', '3611395', 'NULL', '361', 48, 1536, 2.4),
('2016', '3611395', 'NULL', '361', 48, 1792, 43.4),
('2017', '3611395', 'NULL', '361', 56, 1855, 44),
('2013', '3611406', 'NULL', '361', 45, 1579, 0),
('2014', '3611406', 'NULL', '361', 50, 2080, 45),
('2015', '3611406', 'NULL', '361', 50, 1763, 45),
('2016', '3611406', 'NULL', '361', 50, 2399, 45),
('2017', '3611406', 'NULL', '361', 66, 2565, 38.5),
('2013', '3611414', 'NULL', '361', 14, 433, 46),
('2014', '3611414', 'NULL', '361', 20, 565, 47.3),
('2015', '3611414', 'NULL', '361', 18, 440, 46),
('2016', '3611414', 'NULL', '361', 18, 606, 47.3),
('2017', '3611414', 'NULL', '361', 26, 609, 45),
('2013', '3611422', 'NULL', '361', 33, 570, 43),
('2014', '3611422', 'NULL', '361', 45, 727, 44),
('2015', '3611422', 'NULL', '361', 45, 669, 45),
('2016', '3611422', 'NULL', '361', 30, 594, 44),
('2017', '3611422', 'NULL', '361', 48, 622, 43.7),
('2013', '3611437', 'NULL', '361', 42, 1292, 52),
('2014', '3611437', 'NULL', '361', 40, 1373, 53),
('2015', '3611437', 'NULL', '361', 36, 1116, 52.5),
('2016', '3611437', 'NULL', '361', 36, 1489, 53),
('2017', '3611437', 'NULL', '361', 44, 1546, 42),
('2013', '3611445', 'NULL', '361', 30, 525, 41),
('2014', '3611445', 'NULL', '361', 35, 668, 42.61),
('2015', '3611445', 'NULL', '361', 30, 526, 42),
('2016', '3611445', 'NULL', '361', 27, 463, 42.61),
('2017', '3611445', 'NULL', '361', 36, 640, 43),
('2013', '3611453', 'NULL', '361', 30, 961, 40),
('2014', '3611453', 'NULL', '361', 35, 1127, 41),
('2015', '3611453', 'NULL', '361', 30, 989, 42),
('2016', '3611453', 'NULL', '361', 30, 1236, 39.66),
('2017', '3611453', 'NULL', '361', 40, 1383, 40.5),
('2013', '3611461', 'NULL', '361', 30, 612, 43),
('2014', '3611461', 'NULL', '361', 35, 708, 44),
('2015', '3611461', 'NULL', '361', 30, 565, 43),
('2016', '3611461', 'NULL', '361', 30, 816, 44.36),
('2017', '3611461', 'NULL', '361', 40, 658, 37.5),
('2013', '3821016', 'NULL', '382', 30, 272, 37),
('2014', '3821016', 'NULL', '382', 38, 579, 38.5),
('2015', '3821016', 'NULL', '382', 36, 361, 37),
('2016', '3821016', 'NULL', '382', 30, 340, 36.5),
('2017', '3821016', 'NULL', '382', 52, 477, 37),
('2013', '3821024', 'NULL', '382', 40, 547, 41),
('2014', '3821024', 'NULL', '382', 40, 441, 42.61),
('2015', '3821024', 'NULL', '382', 36, 493, 43),
('2016', '3821024', 'NULL', '382', 41, 550, 44),
('2017', '3821024', 'NULL', '382', 52, 612, 45),
('2013', '3821032', 'NULL', '382', 45, 781, 42),
('2014', '3821032', 'NULL', '382', 40, 729, 43.65),
('2015', '3821032', 'NULL', '382', 40, 759, 44),
('2016', '3821032', 'NULL', '382', 38, 873, 43.65),
('2017', '3821032', 'NULL', '382', 52, 1047, 44.5),
('2013', '3821047', 'NULL', '382', 36, 577, 45),
('2014', '3821047', 'NULL', '382', 36, 467, 44.3),
('2015', '3821047', 'NULL', '382', 40, 586, 45),
('2016', '3821047', 'NULL', '382', 37, 439, 44.6),
('2017', '3821047', 'NULL', '382', 48, 556, 45.5),
('2013', '3821055', 'NULL', '382', 25, 457, 41),
('2014', '3821055', 'NULL', '382', 29, 524, 40),
('2015', '3821055', 'NULL', '382', 32, 644, 41),
('2016', '3821055', 'NULL', '382', 28, 444, 41.5),
('2017', '3821055', 'NULL', '382', 36, 524, 42),
('2013', '3821063', 'NULL', '382', 60, 1702, 43),
('2014', '3821063', 'NULL', '382', 60, 2068, 44),
('2015', '3821063', 'NULL', '382', 60, 1784, 43.5),
('2016', '3821063', 'NULL', '382', 62, 2035, 44.2),
('2017', '3821063', 'NULL', '382', 90, 2144, 43.5),
('2013', '3821071', 'NULL', '382', 60, 1170, 54),
('2014', '3821071', 'NULL', '382', 60, 1483, 53),
('2015', '3821071', 'NULL', '382', 48, 1199, 54.4),
('2016', '3821071', 'NULL', '382', 48, 1415, 53),
('2017', '3821071', 'NULL', '382', 64, 1551, 54),
('2013', '3821086', 'NULL', '382', 54, 1095, 544),
('2014', '3821086', 'NULL', '382', 48, 1111, 53),
('2015', '3821086', 'NULL', '382', 51, 956, 54.5),
('2016', '3821086', 'NULL', '382', 51, 965, 54),
('2017', '3821086', 'NULL', '382', 64, 1185, 42),
('2013', '3821094', 'NULL', '382', 45, 1, 47),
('2014', '3821094', 'NULL', '382', 36, 11024, 46.69),
('2015', '3821094', 'NULL', '382', 36, 898, 45),
('2016', '3821094', 'NULL', '382', 46, 1038, 46.2),
('2017', '3821094', 'NULL', '382', 60, 957, 46),
('2013', '3821105', 'NULL', '382', 60, 1171, 38),
('2014', '3821105', 'NULL', '382', 45, 1356, 37.83),
('2015', '3821105', 'NULL', '382', 42, 1225, 37.83),
('2016', '3821105', 'NULL', '382', 60, 1621, 37.83),
('2017', '3821105', 'NULL', '382', 80, 1833, 41),
('2013', '3821113', 'NULL', '382', 45, 1303, 43),
('2014', '3821113', 'NULL', '382', 45, 1464, 44.65),
('2015', '3821113', 'NULL', '382', 42, 1235, 44),
('2016', '3821113', 'NULL', '382', 39, 1161, 44.65),
('2017', '3821113', 'NULL', '382', 52, 1019, 45),
('2013', '3821121', 'NULL', '382', 45, 1368, 46),
('2014', '3821121', 'NULL', '382', 45, 1685, 47),
('2015', '3821121', 'NULL', '382', 45, 1653, 47.4),
('2016', '3821121', 'NULL', '382', 45, 1877, 47.75),
('2017', '3821121', 'NULL', '382', 60, 2246, 46),
('2013', '3821136', 'NULL', '382', 30, 1123, 48),
('2014', '3821136', 'NULL', '382', 30, 1, 49),
('2015', '3821136', 'NULL', '382', 30, 1135, 47),
('2016', '3821136', 'NULL', '382', 31, 1314, 48),
('2017', '3821136', 'NULL', '382', 40, 1623, 49.5),
('2013', '3821144', 'NULL', '382', 36, 1053, 46),
('2014', '3821144', 'NULL', '382', 33, 1023, 45.5),
('2015', '3821144', 'NULL', '382', 33, 904, 45.6),
('2016', '3821144', 'NULL', '382', 35, 997, 45.5),
('2017', '3821144', 'NULL', '382', 44, 1124, 33),
('2013', '3821152', 'NULL', '382', 30, 457, 36),
('2014', '3821152', 'NULL', '382', 30, 730, 37),
('2015', '3821152', 'NULL', '382', 30, 611, 38),
('2016', '3821152', 'NULL', '382', 33, 510, 37),
('2017', '3821152', 'NULL', '382', 44, 748, 38),
('2013', '3821167', 'NULL', '382', 24, 778, 39),
('2014', '3821167', 'NULL', '382', 30, 1009, 40.48),
('2015', '3821167', 'NULL', '382', 30, 810, 41),
('2016', '3821167', 'NULL', '382', 30, 1140, 41.3),
('2017', '3821167', 'NULL', '382', 44, 1174, 35);
INSERT INTO `data_set` (`tahun`, `kode_prodi`, `kode_fakultas`, `kode_ptn`, `daya_tampung`, `jumlah_peminat`, `pg`) VALUES
('2013', '3821175', 'NULL', '382', 27, 687, 36),
('2014', '3821175', 'NULL', '382', 27, 946, 35.04),
('2015', '3821175', 'NULL', '382', 27, 954, 34),
('2016', '3821175', 'NULL', '382', 27, 967, 35.81),
('2017', '3821175', 'NULL', '382', 36, 1022, 32),
('2013', '3821183', 'NULL', '382', 43, 786, 43),
('2014', '3821183', 'NULL', '382', 45, 926, 44),
('2015', '3821183', 'NULL', '382', 45, 1222, 43),
('2016', '3821183', 'NULL', '382', 40, 715, 44),
('2017', '3821183', 'NULL', '382', 48, 1046, 31),
('2013', '3821191', 'NULL', '382', 36, 783, 38),
('2014', '3821191', 'NULL', '382', 36, 1, 39),
('2015', '3821191', 'NULL', '382', 24, 827, 40),
('2016', '3821191', 'NULL', '382', 37, 984, 41.47),
('2017', '3821191', 'NULL', '382', 36, 933, 31.7),
('2013', '3821202', 'NULL', '382', 58, 1865, 45),
('2014', '3821202', 'NULL', '382', 60, 60, 46),
('2015', '3821202', 'NULL', '382', 54, 1721, 44),
('2016', '3821202', 'NULL', '382', 54, 2079, 45),
('2017', '3821202', 'NULL', '382', 84, 2537, 46),
('2013', '3821217', 'NULL', '382', 60, 1109, 42),
('2014', '3821217', 'NULL', '382', 60, 1241, 42.1),
('2015', '3821217', 'NULL', '382', 45, 918, 42.5),
('2016', '3821217', 'NULL', '382', 48, 1281, 42.57),
('2017', '3821217', 'NULL', '382', 60, 1626, 43),
('2013', '3821233', 'NULL', '382', 14, 327, 43),
('2014', '3821233', 'NULL', '382', 15, 330, 44.1),
('2015', '3821233', 'NULL', '382', 15, 376, 43),
('2016', '3821233', 'NULL', '382', 17, 427, 44),
('2017', '3821233', 'NULL', '382', 20, 449, 29.7),
('2013', '3821241', 'NULL', '382', 15, 310, 40),
('2014', '3821241', 'NULL', '382', 15, 393, 41.5),
('2015', '3821241', 'NULL', '382', 15, 366, 42),
('2016', '3821241', 'NULL', '382', 16, 344, 41.47),
('2017', '3821241', 'NULL', '382', 16, 380, 42);

-- --------------------------------------------------------

--
-- Table structure for table `hasil_prediksi`
--

CREATE TABLE IF NOT EXISTS `hasil_prediksi` (
  `id_hasil` int(11) NOT NULL AUTO_INCREMENT,
  `kode_prodi` varchar(20) DEFAULT NULL,
  `kode_fakultas` varchar(20) DEFAULT NULL,
  `kode_ptn` varchar(20) DEFAULT NULL,
  `thn` char(10) DEFAULT NULL,
  `d_tampung` int(11) DEFAULT NULL,
  `jum_peminat` int(11) DEFAULT NULL,
  `nilai_prediksi` float DEFAULT NULL,
  `error` float DEFAULT NULL,
  PRIMARY KEY (`id_hasil`),
  KEY `fk_relationship_22` (`kode_ptn`),
  KEY `fk_relationship_27` (`kode_prodi`,`kode_fakultas`)
) ENGINE=InnoDB  DEFAULT CHARSET=latin1 AUTO_INCREMENT=170 ;

--
-- Dumping data for table `hasil_prediksi`
--

INSERT INTO `hasil_prediksi` (`id_hasil`, `kode_prodi`, `kode_fakultas`, `kode_ptn`, `thn`, `d_tampung`, `jum_peminat`, `nilai_prediksi`, `error`) VALUES
(1, '3331013', NULL, '333', '2017', 150, 5979, 44.0122, 9.48784),
(2, '3611066', NULL, '361', '2017', 70, 3777, 48.0847, 4.41532),
(3, '3811014', NULL, '381', '2017', 88, 3465, 53.1001, 0.100076),
(4, '3331021', NULL, '333', '2017', 72, 1014, 50.3659, 18.8659),
(5, '3331036', NULL, '333', '2017', 66, 1110, 50.1974, 17.8974),
(6, '3331044', NULL, '333', '2017', 48, 655, 49.6084, 18.4084),
(7, '3331052', NULL, '333', '2017', 72, 1338, 50.4023, 17.0023),
(8, '3331067', NULL, '333', '2017', 54, 1159, 49.8444, 10.8444),
(9, '3331075', NULL, '333', '2017', 54, 1159, 49.8444, 15.8444),
(10, '3331083', NULL, '333', '2017', 78, 2364, 50.697, 14.397),
(11, '3331091', NULL, '333', '2017', 90, 3011, 51.1283, 8.12828),
(12, '3331117', NULL, '333', '2017', 120, 1159, 51.8164, 22.5164),
(13, '3331125', NULL, '333', '2017', 90, 2587, 51.0806, 9.8806),
(14, '3331133', NULL, '333', '2017', 48, 1510, 49.7046, 16.7046),
(15, '3331141', NULL, '333', '2017', 75, 2521, 50.625, 12.125),
(16, '3331156', NULL, '333', '2017', 75, 1198, 50.4762, 15.9762),
(17, '3331164', NULL, '333', '2017', 96, 3597, 51.3734, 7.37345),
(18, '3331172', NULL, '333', '2017', 96, 1929, 51.1859, 15.6859),
(19, '3331187', NULL, '333', '2017', 96, 3475, 51.3597, 9.85973),
(20, '3331195', NULL, '333', '2017', 36, 769, 49.2627, 24.7627),
(21, '3331206', NULL, '333', '2017', 42, 3773, 49.7798, 7.27981),
(22, '3811022', NULL, '381', '2017', 58, 1777, 50.0334, 5.33341),
(23, '3811037', NULL, '381', '2017', 84, 1890, 50.8229, 14.823),
(24, '3811045', NULL, '381', '2017', 95, 1338, 51.0895, 9.58954),
(25, '3811053', NULL, '381', '2017', 42, 557, 49.4182, 10.6182),
(26, '3811061', NULL, '381', '2017', 35, 586, 49.2123, 9.91227),
(27, '3811076', NULL, '381', '2017', 35, 284, 49.1783, 10.6783),
(28, '3811084', NULL, '381', '2017', 35, 400, 49.1914, 6.69135),
(29, '3811092', NULL, '381', '2017', 84, 2072, 50.8434, 20.8434),
(30, '3811103', NULL, '381', '2017', 53, 916, 49.7872, 15.7872),
(31, '3811111', NULL, '381', '2017', 72, 892, 50.3522, 2.85218),
(32, '3811126', NULL, '381', '2017', 17, 567, 48.6723, 18.2723),
(33, '3811134', NULL, '381', '2017', 21, 961, 48.8361, 13.8361),
(34, '3811142', NULL, '381', '2017', 21, 792, 48.8171, 9.81714),
(35, '3811157', NULL, '381', '2017', 21, 846, 48.8232, 3.22321),
(36, '3811165', NULL, '381', '2017', 21, 638, 48.7998, 9.79982),
(37, '3211015', NULL, '321', '2017', 126, 4041, 57.92, 0.0799948),
(38, '3211023', NULL, '321', '2017', 91, 2040, 54.5524, 12.5524),
(39, '3211031', NULL, '321', '2017', 56, 1083, 52.4581, 18.9581),
(40, '3211046', NULL, '321', '2017', 76, 843, 52.6951, 15.6951),
(41, '3211054', NULL, '321', '2017', 74, 761, 52.5421, 20.0421),
(42, '3211062', NULL, '321', '2017', 75, 1080, 52.9577, 17.9577),
(43, '3211077', NULL, '321', '2017', 91, 1768, 54.2206, 6.22062),
(44, '3211085', NULL, '321', '2017', 76, 808, 52.6524, 21.6524),
(45, '3211093', NULL, '321', '2017', 59, 1855, 53.4792, 14.9792),
(46, '3211104', NULL, '321', '2017', 60, 1376, 52.9214, 8.92141),
(47, '3211112', NULL, '321', '2017', 58, 1073, 52.4989, 3.49887),
(48, '3211127', NULL, '321', '2017', 58, 1073, 52.4989, 10.9989),
(49, '3211135', NULL, '321', '2017', 61, 1121, 52.6369, 13.4369),
(50, '3211143', NULL, '321', '2017', 63, 1209, 52.7972, 5.79719),
(51, '3211151', NULL, '321', '2017', 60, 1169, 52.6689, 21.3689),
(52, '3211166', NULL, '321', '2017', 91, 2100, 54.6256, 4.52556),
(53, '3211174', NULL, '321', '2017', 105, 2413, 55.3781, 21.1781),
(54, '3211182', NULL, '321', '2017', 66, 1577, 53.3255, 2.12549),
(55, '3211197', NULL, '321', '2017', 42, 807, 51.7506, 16.7506),
(56, '3211201', NULL, '321', '2017', 42, 957, 51.9336, 14.7336),
(57, '3211216', NULL, '321', '2017', 56, 1505, 52.9728, 4.37281),
(58, '3211224', NULL, '321', '2017', 91, 2254, 54.8134, 15.3134),
(59, '3211232', NULL, '321', '2017', 35, 1621, 52.5581, 7.55807),
(60, '3211247', NULL, '321', '2017', 42, 1052, 52.0495, 12.0495),
(61, '3211255', NULL, '321', '2017', 42, 2063, 53.2826, 16.2826),
(62, '3341015', NULL, '334', '2017', 32, 1133, 51.8834, 17.8834),
(63, '3341023', NULL, '334', '2017', 33, 473, 51.1049, 18.8049),
(64, '3341031', NULL, '334', '2017', 32, 1047, 51.7785, 19.7785),
(65, '3341046', NULL, '334', '2017', 32, 704, 51.3602, 19.3602),
(66, '3341054', NULL, '334', '2017', 18, 467, 50.7003, 16.5003),
(67, '3341062', NULL, '334', '2017', 18, 612, 50.8771, 11.8771),
(68, '3341077', NULL, '334', '2017', 14, 260, 50.3419, 16.9419),
(69, '3341085', NULL, '334', '2017', 14, 853, 51.0651, 20.8651),
(70, '3341093', NULL, '334', '2017', 28, 695, 51.2432, 13.9432),
(71, '3341104', NULL, '334', '2017', 18, 1439, 51.8858, 10.5858),
(72, '3341112', NULL, '334', '2017', 25, 425, 50.8345, 14.3345),
(73, '3341127', NULL, '334', '2017', 36, 336, 51.0173, 16.5173),
(74, '3341143', NULL, '334', '2017', 36, 360, 51.0465, 14.5465),
(75, '3341151', NULL, '334', '2017', 50, 592, 51.7003, 14.5003),
(76, '3341166', NULL, '334', '2017', 67, 405, 51.9225, 14.9225),
(77, '3341174', NULL, '334', '2017', 34, 1057, 51.8437, 19.3437),
(78, '3341182', NULL, '334', '2017', 33, 611, 51.2732, 15.2732),
(79, '3341197', NULL, '334', '2017', 45, 1710, 52.9315, 8.73149),
(80, '3341216', NULL, '334', '2017', 24, 1138, 51.6776, 12.6776),
(81, '3551012', NULL, '355', '2017', 138, 2906, 56.8535, 17.3535),
(82, '3551027', NULL, '355', '2017', 96, 3647, 56.6448, 7.64485),
(83, '3551043', NULL, '355', '2017', 56, 2146, 53.7546, 13.0546),
(84, '3551051', NULL, '355', '2017', 50, 645, 51.765, 15.765),
(85, '3551066', NULL, '355', '2017', 64, 797, 52.3212, 17.3212),
(86, '3551074', NULL, '355', '2017', 64, 656, 52.1492, 25.6492),
(87, '3551082', NULL, '355', '2017', 54, 420, 51.5965, 25.0965),
(88, '3551097', NULL, '355', '2017', 50, 1191, 52.4309, 21.4309),
(89, '3551101', NULL, '355', '2017', 54, 2296, 53.8846, 13.8846),
(90, '3551116', NULL, '355', '2017', 34, 706, 51.4156, 28.4156),
(91, '3551147', NULL, '355', '2017', 82, 1135, 53.2102, 22.7102),
(92, '3551155', NULL, '355', '2017', 54, 996, 52.299, 18.299),
(93, '3551163', NULL, '355', '2017', 46, 606, 51.6114, 22.6114),
(94, '3551171', NULL, '355', '2017', 100, 2774, 55.686, 15.686),
(95, '3551186', NULL, '355', '2017', 54, 1680, 53.1333, 10.6333),
(96, '3551194', NULL, '355', '2017', 72, 1684, 53.6149, 19.6149),
(97, '3551205', NULL, '355', '2017', 100, 1461, 54.0846, 16.5846),
(98, '3551213', NULL, '355', '2017', 68, 1595, 53.4004, 14.9004),
(99, '3551221', NULL, '355', '2017', 64, 1647, 53.3579, 20.8579),
(100, '3551236', NULL, '355', '2017', 72, 1874, 53.8467, 15.8467),
(101, '3551244', NULL, '355', '2017', 56, 982, 52.3349, 16.3349),
(102, '3551252', NULL, '355', '2017', 60, 841, 52.2689, 7.26888),
(103, '3551267', NULL, '355', '2017', 46, 811, 51.8615, 15.3615),
(104, '3551275', NULL, '355', '2017', 46, 765, 51.8054, 12.8054),
(105, '3551283', NULL, '355', '2017', 46, 1093, 52.2054, 15.2054),
(106, '3551291', NULL, '355', '2017', 114, 1319, 54.2822, 19.2822),
(107, '3551302', NULL, '355', '2017', 46, 1174, 52.3042, 17.3042),
(108, '3551317', NULL, '355', '2017', 46, 802, 51.8505, 14.8505),
(109, '3611012', NULL, '361', '2017', 88, 5979, 59.2773, 24.2773),
(110, '3611027', NULL, '361', '2017', 72, 2917, 55.1188, 11.6188),
(111, '3611035', NULL, '361', '2017', 40, 834, 51.7306, 17.7306),
(112, '3611043', NULL, '361', '2017', 28, 637, 51.1725, 14.1725),
(113, '3611051', NULL, '361', '2017', 28, 523, 51.0334, 7.83344),
(114, '3611074', NULL, '361', '2017', 46, 1129, 52.2493, 12.2493),
(115, '3611082', NULL, '361', '2017', 32, 1684, 52.5554, 9.55545),
(116, '3611097', NULL, '361', '2017', 61, 2040, 53.7578, 12.7578),
(117, '3611101', NULL, '361', '2017', 72, 1176, 52.9953, 11.9953),
(118, '3611155', NULL, '361', '2017', 28, 362, 50.8371, 9.33707),
(119, '3611163', NULL, '361', '2017', 60, 716, 52.1164, 8.11642),
(120, '3611171', NULL, '361', '2017', 28, 663, 51.2042, 9.7042),
(121, '3611186', NULL, '361', '2017', 36, 1664, 52.637, 7.137),
(122, '3611194', NULL, '361', '2017', 24, 875, 51.3568, 7.35683),
(123, '3611205', NULL, '361', '2017', 20, 424, 50.7008, 14.7008),
(124, '3611213', NULL, '361', '2017', 36, 546, 51.2734, 6.27339),
(125, '3611221', NULL, '361', '2017', 30, 559, 51.1303, 12.8303),
(126, '3611244', NULL, '361', '2017', 20, 419, 50.6947, 11.6947),
(127, '3611275', NULL, '361', '2017', 10, 238, 50.2091, 15.6091),
(128, '3611291', NULL, '361', '2017', 22, 358, 50.6733, 16.8733),
(129, '3611317', NULL, '361', '2017', 12, 269, 50.2999, 13.8999),
(130, '3611325', NULL, '361', '2017', 96, 1121, 53.5639, 14.5639),
(131, '3611333', NULL, '361', '2017', 36, 1790, 52.7907, 13.7907),
(132, '3611341', NULL, '361', '2017', 36, 1329, 52.2284, 16.2284),
(133, '3611356', NULL, '361', '2017', 48, 811, 51.9144, 19.2144),
(134, '3611364', NULL, '361', '2017', 48, 1020, 52.1694, 10.6694),
(135, '3611372', NULL, '361', '2017', 68, 1089, 52.7833, 9.78326),
(136, '3611387', NULL, '361', '2017', 40, 1278, 52.2721, 3.27215),
(137, '3611395', NULL, '361', '2017', 56, 1855, 53.3997, 9.3997),
(138, '3611406', NULL, '361', '2017', 66, 2565, 54.5305, 16.0305),
(139, '3611414', NULL, '361', '2017', 26, 609, 51.0854, 6.08536),
(140, '3611422', NULL, '361', '2017', 48, 622, 51.6839, 7.98393),
(141, '3611437', NULL, '361', '2017', 44, 1546, 52.705, 10.705),
(142, '3611445', NULL, '361', '2017', 36, 640, 51.388, 8.38804),
(143, '3611453', NULL, '361', '2017', 40, 1383, 52.4002, 11.9002),
(144, '3611461', NULL, '361', '2017', 40, 658, 51.5159, 14.0159),
(145, '3821016', NULL, '382', '2017', 52, 477, 51.613, 14.613),
(146, '3821024', NULL, '382', '2017', 52, 612, 51.7777, 6.77768),
(147, '3821032', NULL, '382', '2017', 52, 1047, 52.3082, 7.80824),
(148, '3821047', NULL, '382', '2017', 48, 556, 51.6034, 6.10343),
(149, '3821055', NULL, '382', '2017', 36, 524, 51.2466, 9.24656),
(150, '3821063', NULL, '382', '2017', 90, 2144, 54.6527, 11.1527),
(151, '3821071', NULL, '382', '2017', 64, 1551, 53.2408, 0.759195),
(152, '3821086', NULL, '382', '2017', 64, 1185, 52.7944, 10.7944),
(153, '3821094', NULL, '382', '2017', 60, 957, 52.4104, 6.41036),
(154, '3821105', NULL, '382', '2017', 80, 1833, 54.0085, 13.0085),
(155, '3821113', NULL, '382', '2017', 52, 1019, 52.2741, 7.27409),
(156, '3821121', NULL, '382', '2017', 60, 2246, 53.9825, 7.98254),
(157, '3821136', NULL, '382', '2017', 40, 1623, 52.6929, 3.19294),
(158, '3821144', NULL, '382', '2017', 44, 1124, 52.1903, 19.1903),
(159, '3821152', NULL, '382', '2017', 44, 748, 51.7317, 13.7317),
(160, '3821167', NULL, '382', '2015', 30, 810, 51.4365, 10.4365),
(161, '3821175', NULL, '382', '2017', 36, 1022, 51.854, 19.854),
(162, '3821183', NULL, '382', '2017', 48, 1046, 52.2011, 21.2011),
(163, '3821191', NULL, '382', '2015', 24, 827, 51.2983, 11.2983),
(164, '3821167', NULL, '382', '2017', 44, 1174, 52.2512, 17.2512),
(165, '3821191', NULL, '382', '2017', 36, 933, 51.7454, 20.0454),
(166, '3821202', NULL, '382', '2017', 84, 2537, 54.9732, 8.97315),
(167, '3821217', NULL, '382', '2017', 60, 1626, 53.2263, 10.2263),
(168, '3821233', NULL, '382', '2017', 20, 449, 50.7313, 21.0313),
(169, '3821241', NULL, '382', '2017', 16, 380, 50.5412, 8.54119);

-- --------------------------------------------------------

--
-- Table structure for table `perguruan_tinggi`
--

CREATE TABLE IF NOT EXISTS `perguruan_tinggi` (
  `kode_ptn` varchar(20) NOT NULL,
  `wilayah` char(10) DEFAULT NULL,
  `nama_ptn` varchar(50) DEFAULT NULL,
  PRIMARY KEY (`kode_ptn`)
) ENGINE=InnoDB DEFAULT CHARSET=latin1;

--
-- Dumping data for table `perguruan_tinggi`
--

INSERT INTO `perguruan_tinggi` (`kode_ptn`, `wilayah`, `nama_ptn`) VALUES
('321', '1', 'Universitas Indonesia'),
('332', '1', 'Institut Teknologi Bandung '),
('333', '1', 'Universitas Padjajaran '),
('334', '1', 'Universitas Pendidikan Indonesia '),
('355', '2', 'Universitas Diponegoro'),
('361', '2', 'Universitas Gadjah Mada '),
('381', '3', 'Universitas Airlangga '),
('382', '3', 'Institut Teknologi Sepuluh November ');

-- --------------------------------------------------------

--
-- Table structure for table `pilihan`
--

CREATE TABLE IF NOT EXISTS `pilihan` (
  `id_pilihan` int(11) NOT NULL AUTO_INCREMENT,
  `kode_prodi` varchar(20) DEFAULT NULL,
  `kode_fakultas` varchar(20) DEFAULT NULL,
  `nis_siswa` varchar(50) DEFAULT NULL,
  `kode_ptn` varchar(20) DEFAULT NULL,
  `id_to` int(11) DEFAULT NULL,
  `pilihan_ke` int(11) NOT NULL,
  PRIMARY KEY (`id_pilihan`),
  KEY `fk_relationship_17` (`id_to`),
  KEY `fk_relationship_19` (`kode_prodi`,`kode_fakultas`),
  KEY `fk_relationship_20` (`kode_ptn`),
  KEY `fk_relationship_23` (`nis_siswa`)
) ENGINE=InnoDB  DEFAULT CHARSET=latin1 AUTO_INCREMENT=34 ;

--
-- Dumping data for table `pilihan`
--

INSERT INTO `pilihan` (`id_pilihan`, `kode_prodi`, `kode_fakultas`, `nis_siswa`, `kode_ptn`, `id_to`, `pilihan_ke`) VALUES
(1, '3811014', NULL, NULL, '381', 1, 1),
(2, '3331044', NULL, NULL, '333', 1, 2),
(3, '3331164', NULL, NULL, '333', 1, 3),
(4, '3811037', NULL, NULL, '381', 2, 1),
(5, '3551066', NULL, NULL, '355', 2, 2),
(6, '3331187', NULL, NULL, '333', 2, 3),
(7, '3551066', NULL, '151511029', '355', 3, 1),
(8, '3341054', NULL, '151511029', '334', 3, 2),
(9, '3341197', NULL, '151511029', '334', 3, 3),
(10, '3211015', NULL, '151511029', '321', 4, 1),
(11, '3211023', NULL, '151511029', '321', 4, 2),
(12, '3551205', NULL, '151511029', '355', 4, 3),
(13, '3611066', NULL, '151511029', '361', 5, 1),
(14, '3551027', NULL, '151511029', '355', 5, 2),
(15, '3331052', NULL, '151511029', '333', 5, 3),
(16, '3331013', NULL, NULL, '333', 6, 1),
(17, '3341054', NULL, NULL, '334', 6, 2),
(18, '3341151', NULL, NULL, '334', 6, 3),
(19, '3331013', NULL, NULL, '333', 7, 1),
(20, '3341054', NULL, NULL, '334', 7, 2),
(21, '3341151', NULL, NULL, '334', 7, 3),
(22, '3341031', NULL, '151511029', '334', 8, 1),
(23, '3341054', NULL, '151511029', '334', 8, 2),
(24, '3341151', NULL, '151511029', '334', 8, 3),
(25, '3341031', NULL, '151511029', '334', 9, 1),
(26, '3331044', NULL, '151511029', '333', 9, 2),
(27, '3551186', NULL, '151511029', '355', 9, 3),
(28, '3211031', NULL, '151511029', '321', 10, 1),
(29, '3341062', NULL, '151511029', '334', 10, 2),
(30, '3331187', NULL, '151511029', '333', 10, 3),
(31, '3211015', NULL, '151511029', '321', 11, 1),
(32, '3551027', NULL, '151511029', '355', 11, 2),
(33, '3341197', NULL, '151511029', '334', 11, 3);

-- --------------------------------------------------------

--
-- Table structure for table `prodi_fakultas`
--

CREATE TABLE IF NOT EXISTS `prodi_fakultas` (
  `kode_fakultas` varchar(20) NOT NULL,
  `nama_fakultas` varchar(50) DEFAULT NULL,
  `kode_prodi` varchar(20) NOT NULL,
  `kode_ptn` varchar(20) DEFAULT NULL,
  `nama_prodi` varchar(50) DEFAULT NULL,
  `jenis` varchar(20) DEFAULT NULL,
  PRIMARY KEY (`kode_prodi`,`kode_fakultas`),
  KEY `fk_relationship_11` (`kode_ptn`)
) ENGINE=InnoDB DEFAULT CHARSET=latin1;

--
-- Dumping data for table `prodi_fakultas`
--

INSERT INTO `prodi_fakultas` (`kode_fakultas`, `nama_fakultas`, `kode_prodi`, `kode_ptn`, `nama_prodi`, `jenis`) VALUES
('3321011', 'FAK. ILMU DAN TEKNOLOGI KEBUMIAN (FITB)', '', '332', NULL, 'Saintek '),
('3321026', 'FAK. TEKNIK PERTAMB. & PERMINYAKAN (FTTM)', '', '332', NULL, 'Saintek '),
('3321034', 'FAK. MATEMATIKA & ILMU PENGET. ALAM (FMIPA)', '', '332', NULL, 'Saintek '),
('3321042', 'FAKULTAS TEKNIK SIPIL & LINGKUNGAN (FTSL) - KAMPUS', '', '332', NULL, 'Saintek '),
('3321057', 'SEKOLAH FARMASI (SF)', '', '332', NULL, 'Saintek '),
('3321065', 'SEKOLAH ILMU & TEKNO. HAYATI - PROG. SAINS', '', '332', NULL, 'Saintek '),
('3321073', 'SEKOLAH TEK. ELEKTRO & INFORMATIKA (STEI)', '', '332', NULL, 'Saintek '),
('3321081', 'FAKULTAS TEKNOLOGI INDUSTRI (FTI) - KAMPUS GANESA', '', '332', NULL, 'Saintek '),
('3321096', 'FAKULTAS TEKNIK MESIN & DIRGANTARA (FTMD)', '', '332', NULL, 'Saintek '),
('3321107', 'SEK. ARSITEKTUR, PERENC & PENGEMB KEBIJAKAN', '', '332', NULL, 'Saintek '),
('3321123', 'SEKOLAH ILMU & TEKNO HAYATI - PROG REKAYASA', '', '332', NULL, 'Saintek '),
('', NULL, '3211015', '321', 'PENDIDIKAN DOKTER', 'Saintek '),
('', NULL, '3211023', '321', 'PENDIDIKAN DOKTER GIGI', 'Saintek '),
('', NULL, '3211031', '321', 'MATEMATIKA', 'Saintek '),
('', NULL, '3211046', '321', 'FISIKA', 'Saintek '),
('', NULL, '3211054', '321', 'KIMIA', 'Saintek '),
('', NULL, '3211062', '321', 'BIOLOGI', 'Saintek '),
('', NULL, '3211077', '321', 'FARMASI', 'Saintek '),
('', NULL, '3211085', '321', 'GEOGRAFI', 'Saintek '),
('', NULL, '3211093', '321', 'TEKNIK SIPIL', 'Saintek '),
('', NULL, '3211104', '321', 'TEKNIK MESIN', 'Saintek '),
('', NULL, '3211112', '321', 'TEKNIK ELEKTRO', 'Saintek '),
('', NULL, '3211127', '321', 'TEKNIK METALURGI & MATERIAL', 'Saintek '),
('', NULL, '3211135', '321', 'ARSITEKTUR', 'Saintek '),
('', NULL, '3211143', '321', 'TEKNIK KIMIA', 'Saintek '),
('', NULL, '3211151', '321', 'ILMU KEPERAWATAN', 'Saintek '),
('', NULL, '3211166', '321', 'ILMU KOMPUTER', 'Saintek '),
('', NULL, '3211174', '321', 'ILMU KESEHATAN MASYARAKAT', 'Saintek '),
('', NULL, '3211182', '321', 'TEKNIK INDUSTRI', 'Saintek '),
('', NULL, '3211197', '321', 'TEKNIK PERKAPALAN', 'Saintek '),
('', NULL, '3211201', '321', 'TEKNIK LINGKUNGAN', 'Saintek '),
('', NULL, '3211216', '321', 'TEKNIK KOMPUTER', 'Saintek '),
('', NULL, '3211224', '321', 'SISTEM INFORMASI', 'Saintek '),
('', NULL, '3211232', '321', 'ARSITEKTUR INTERIOR', 'Saintek '),
('', NULL, '3211247', '321', 'TEKNOLOGI BIOPROSES', 'Saintek '),
('', NULL, '3211255', '321', 'GIZI', 'Saintek '),
('3321011', 'FAK. ILMU DAN TEKNOLOGI KEBUMIAN (FITB)', '33210111', '332', 'Teknik Geologi ', 'Saintek '),
('3321011', 'FAK. ILMU DAN TEKNOLOGI KEBUMIAN (FITB)', '33210112', '332', 'Teknik geodesi dan Geomatika ', 'Saintek '),
('3321011', 'FAK. ILMU DAN TEKNOLOGI KEBUMIAN (FITB)', '33210113', '332', 'Meteorologi ', 'Saintek '),
('3321011', 'FAK. ILMU DAN TEKNOLOGI KEBUMIAN (FITB)', '33210114', '332', 'Oseanografi ', 'Saintek '),
('3321026', 'FAK. TEKNIK PERTAMB. & PERMINYAKAN (FTTM)', '33210261', '332', 'Teknik Pertambangan ', 'Saintek '),
('3321026', 'FAK. TEKNIK PERTAMB. & PERMINYAKAN (FTTM)', '33210262', '332', 'Teknik Perminyakan ', 'Saintek '),
('3321026', 'FAK. TEKNIK PERTAMB. & PERMINYAKAN (FTTM)', '33210263', '332', 'Teknik Geofisika ', 'Saintek '),
('3321026', 'FAK. TEKNIK PERTAMB. & PERMINYAKAN (FTTM)', '33210264', '332', 'Teknik Metalurgi ', 'Saintek '),
('3321034', 'FAK. MATEMATIKA & ILMU PENGET. ALAM (FMIPA)', '33210341', '332', 'Matematika ', 'Saintek '),
('3321034', 'FAK. MATEMATIKA & ILMU PENGET. ALAM (FMIPA)', '33210342', '332', 'Fisika ', 'Saintek '),
('3321034', 'FAK. MATEMATIKA & ILMU PENGET. ALAM (FMIPA)', '33210343', '332', 'Astronomi ', 'Saintek '),
('3321034', 'FAK. MATEMATIKA & ILMU PENGET. ALAM (FMIPA)', '33210344', '332', 'Kimia ', 'Saintek '),
('3321042', 'FAKULTAS TEKNIK SIPIL & LINGKUNGAN (FTSL) - KAMPUS', '33210421', '332', 'Teknik Sipil ', 'Saintek '),
('3321042', 'FAKULTAS TEKNIK SIPIL & LINGKUNGAN (FTSL) - KAMPUS', '33210422', '332', 'Teknik Lingkungan ', 'Saintek '),
('3321042', 'FAKULTAS TEKNIK SIPIL & LINGKUNGAN (FTSL) - KAMPUS', '33210423', '332', 'Teknik Kelautan ', 'Saintek '),
('3321057', 'SEKOLAH FARMASI (SF)', '33210571', '332', 'Sains dan Teknologi Farmasi ', 'Saintek '),
('3321057', 'SEKOLAH FARMASI (SF)', '33210572', '332', 'Farmasi Klinik dan Komunitas ', 'Saintek '),
('3321065', 'SEKOLAH ILMU & TEKNO. HAYATI - PROG. SAINS', '33210651', '332', 'Biologi', 'Saintek '),
('3321065', 'SEKOLAH ILMU & TEKNO. HAYATI - PROG. SAINS', '33210652', '332', 'Mikrobiologi', 'Saintek '),
('3321073', 'SEKOLAH TEK. ELEKTRO & INFORMATIKA (STEI)', '33210731', '332', 'Teknik Elektro ', 'Saintek '),
('3321073', 'SEKOLAH TEK. ELEKTRO & INFORMATIKA (STEI)', '33210732', '332', 'Teknik Informatika ', 'Saintek '),
('3321073', 'SEKOLAH TEK. ELEKTRO & INFORMATIKA (STEI)', '33210733', '332', 'Teknik Tenaga Listrik ', 'Saintek '),
('3321073', 'SEKOLAH TEK. ELEKTRO & INFORMATIKA (STEI)', '33210734', '332', 'Teknik Telekomunikasi ', 'Saintek '),
('3321073', 'SEKOLAH TEK. ELEKTRO & INFORMATIKA (STEI)', '33210735', '332', 'Sistem dan Teknologi Informasi ', 'Saintek '),
('3321073', 'SEKOLAH TEK. ELEKTRO & INFORMATIKA (STEI)', '33210736', '332', 'Teknik Biomedis', 'Saintek '),
('3321081', 'FAKULTAS TEKNOLOGI INDUSTRI (FTI) - KAMPUS GANESA', '33210811', '332', 'Teknik Kimia ', 'Saintek '),
('3321081', 'FAKULTAS TEKNOLOGI INDUSTRI (FTI) - KAMPUS GANESA', '33210812', '332', 'Teknik Fisika ', 'Saintek '),
('3321081', 'FAKULTAS TEKNOLOGI INDUSTRI (FTI) - KAMPUS GANESA', '33210813', '332', 'Teknik Industri ', 'Saintek '),
('3321081', 'FAKULTAS TEKNOLOGI INDUSTRI (FTI) - KAMPUS GANESA', '33210814', '332', 'Manajemen Rekayasa Industri', 'Saintek '),
('3321096', 'FAKULTAS TEKNIK MESIN & DIRGANTARA (FTMD)', '33210961', '332', 'Teknik Mesin', 'Saintek '),
('3321096', 'FAKULTAS TEKNIK MESIN & DIRGANTARA (FTMD)', '33210962', '332', 'Teknik Dirgantara ', 'Saintek '),
('3321096', 'FAKULTAS TEKNIK MESIN & DIRGANTARA (FTMD)', '33210963', '332', 'Teknik Material ', 'Saintek '),
('3321107', 'SEK. ARSITEKTUR, PERENC & PENGEMB KEBIJAKAN', '33211071', '332', 'Arsitektur ', 'Saintek '),
('3321107', 'SEK. ARSITEKTUR, PERENC & PENGEMB KEBIJAKAN', '33211072', '332', 'Perencanaan Wilayah dan Kota ', 'Saintek '),
('3321123', 'SEKOLAH ILMU & TEKNO HAYATI - PROG REKAYASA', '33211231', '332', 'Rekayasa Hayati', 'Saintek '),
('3321123', 'SEKOLAH ILMU & TEKNO HAYATI - PROG REKAYASA', '33211232', '332', 'Rekayasa Pertanian', 'Saintek '),
('3321123', 'SEKOLAH ILMU & TEKNO HAYATI - PROG REKAYASA', '33211233', '332', 'Rekayasa Kehutanan', 'Saintek '),
('3321123', 'SEKOLAH ILMU & TEKNO HAYATI - PROG REKAYASA', '33211234', '332', 'Teknologi Pasca Panen ', 'Saintek '),
('', NULL, '3331013', '333', 'PENDIDIKAN DOKTER', 'Saintek '),
('', NULL, '3331021', '333', 'MATEMATIKA', 'Saintek '),
('', NULL, '3331036', '333', 'KIMIA', 'Saintek '),
('', NULL, '3331044', '333', 'FISIKA', 'Saintek '),
('', NULL, '3331052', '333', 'BIOLOGI', 'Saintek '),
('', NULL, '3331067', '333', 'STATISTIKA', 'Saintek '),
('', NULL, '3331075', '333', 'AGROTEKNOLOGI', 'Saintek '),
('', NULL, '3331083', '333', 'AGRIBISNIS', 'Saintek '),
('', NULL, '3331091', '333', 'PENDIDIKAN DOKTER GIGI', 'Saintek '),
('', NULL, '3331117', '333', 'PERIKANAN', 'Saintek '),
('', NULL, '3331125', '333', 'ILMU KEPERAWATAN', 'Saintek '),
('', NULL, '3331133', '333', 'ILMU KELAUTAN', 'Saintek '),
('', NULL, '3331141', '333', 'TEKNOLOGI PANGAN', 'Saintek '),
('', NULL, '3331156', '333', 'TEKNIK PERTANIAN', 'Saintek '),
('', NULL, '3331164', '333', 'FARMASI', 'Saintek '),
('', NULL, '3331172', '333', 'TEKNIK GEOLOGI', 'Saintek '),
('', NULL, '3331187', '333', 'PSIKOLOGI', 'Saintek '),
('', NULL, '3331195', '333', 'GEOFISIKA', 'Saintek '),
('', NULL, '3331206', '333', 'TEKNIK INFORMATIKA', 'Saintek '),
('', NULL, '3341015', '334', 'PENDIDIKAN MATEMATIKA', 'Saintek '),
('', NULL, '3341023', '334', 'PENDIDIKAN FISIKA', 'Saintek '),
('', NULL, '3341031', '334', 'PENDIDIKAN BIOLOGI', 'Saintek '),
('', NULL, '3341046', '334', 'PENDIDIKAN KIMIA', 'Saintek '),
('', NULL, '3341054', '334', 'PENDIDIKAN ILMU KOMPUTER', 'Saintek '),
('', NULL, '3341062', '334', 'MATEMATIKA', 'Saintek '),
('', NULL, '3341077', '334', 'FISIKA', 'Saintek '),
('', NULL, '3341085', '334', 'BIOLOGI', 'Saintek '),
('', NULL, '3341093', '334', 'KIMIA', 'Saintek '),
('', NULL, '3341104', '334', 'ILMU KOMPUTER', 'Saintek '),
('', NULL, '3341112', '334', 'PENDIDIKAN TEKNIK ARSITEKTUR', 'Saintek '),
('', NULL, '3341127', '334', 'PENDIDIKAN TEKNIK BANGUNAN', 'Saintek '),
('', NULL, '3341143', '334', 'PENDIDIKAN TEKNIK ELEKTRO', 'Saintek '),
('', NULL, '3341151', '334', 'PENDIDIKAN TEKNIK MESIN', 'Saintek '),
('', NULL, '3341166', '334', 'ILMU KEOLAHRAGAAN', 'Saintek '),
('', NULL, '3341174', '334', 'TEKNIK ELEKTRO', 'Saintek '),
('', NULL, '3341182', '334', 'PENDIDIKAN TEKNOLOGI AGRO INDUSTRI', 'Saintek '),
('', NULL, '3341197', '334', 'TEKNIK SIPIL', 'Saintek '),
('', NULL, '3341216', '334', 'TEKNIK ARSITEKTUR', 'Saintek '),
('', NULL, '3551012', '355', 'KESEHATAN MASYARAKAT', 'Saintek '),
('', NULL, '3551027', '355', 'KEDOKTERAN', 'Saintek '),
('', NULL, '3551043', '355', 'ILMU GIZI', 'Saintek '),
('', NULL, '3551051', '355', 'MATEMATIKA', 'Saintek '),
('', NULL, '3551066', '355', 'BIOLOGI', 'Saintek '),
('', NULL, '3551074', '355', 'KIMIA', 'Saintek '),
('', NULL, '3551082', '355', 'FISIKA', 'Saintek '),
('', NULL, '3551097', '355', 'STATISTIKA', 'Saintek '),
('', NULL, '3551101', '355', 'INFORMATIKA', 'Saintek '),
('', NULL, '3551116', '355', 'MANAJEMEN SD PERAIRAN', 'Saintek '),
('', NULL, '3551147', '355', 'ILMU KELAUTAN', 'Saintek '),
('', NULL, '3551155', '355', 'OCEANOGRAFI', 'Saintek '),
('', NULL, '3551163', '355', 'TEKNOLOGI HASIL PERIKANAN', 'Saintek '),
('', NULL, '3551171', '355', 'TEKNIK SIPIL', 'Saintek '),
('', NULL, '3551186', '355', 'ARSITEKTUR', 'Saintek '),
('', NULL, '3551194', '355', 'TEKNIK MESIN', 'Saintek '),
('', NULL, '3551205', '355', 'TEKNIK KIMIA', 'Saintek '),
('', NULL, '3551213', '355', 'TEKNIK ELEKTRO', 'Saintek '),
('', NULL, '3551221', '355', 'PERENCANAAN WILAYAH KOTA', 'Saintek '),
('', NULL, '3551236', '355', 'TEKNIK INDUSTRI', 'Saintek '),
('', NULL, '3551244', '355', 'TEKNIK LINGKUNGAN', 'Saintek '),
('', NULL, '3551252', '355', 'TEKNIK PERKAPALAN', 'Saintek '),
('', NULL, '3551267', '355', 'TEKNIK GEOLOGI', 'Saintek '),
('', NULL, '3551275', '355', 'TEKNIK GEODESI', 'Saintek '),
('', NULL, '3551283', '355', 'TEKNIK KOMPUTER', 'Saintek '),
('', NULL, '3551291', '355', 'PETERNAKAN', 'Saintek '),
('', NULL, '3551302', '355', 'TEKNOLOGI PANGAN', 'Saintek '),
('', NULL, '3551317', '355', 'AGROEKOTEKNOLOGI', 'Saintek '),
('', NULL, '3611012', '361', 'BIOLOGI', 'Saintek '),
('', NULL, '3611027', '361', 'FARMASI', 'Saintek '),
('', NULL, '3611035', '361', 'GEOGRAFI LINGKUNGAN', 'Saintek '),
('', NULL, '3611043', '361', 'KARTOGRAFI DAN PENGINDERAAN JAUH', 'Saintek '),
('', NULL, '3611051', '361', 'PEMBANGUNAN WILAYAH', 'Saintek '),
('', NULL, '3611066', '361', 'KEDOKTERAN', 'Saintek '),
('', NULL, '3611074', '361', 'ILMU KEPERAWATAN', 'Saintek '),
('', NULL, '3611082', '361', 'GIZI KESEHATAN', 'Saintek '),
('', NULL, '3611097', '361', 'KEDOKTERAN GIGI', 'Saintek '),
('', NULL, '3611101', '361', 'KEDOKTERAN HEWAN', 'Saintek '),
('', NULL, '3611155', '361', 'FISIKA', 'Saintek '),
('', NULL, '3611163', '361', 'KIMIA', 'Saintek '),
('', NULL, '3611171', '361', 'MATEMATIKA', 'Saintek '),
('', NULL, '3611186', '361', 'ILMU KOMPUTER', 'Saintek '),
('', NULL, '3611194', '361', 'STATISTIKA', 'Saintek '),
('', NULL, '3611205', '361', 'GEOFISIKA', 'Saintek '),
('', NULL, '3611213', '361', 'ELEKTRONIKA DAN INSTRUMENTASI', 'Saintek '),
('', NULL, '3611221', '361', 'AGRONOMI', 'Saintek '),
('', NULL, '3611244', '361', 'ILMU TANAH', 'Saintek '),
('', NULL, '3611275', '361', 'PENYULUHAN DAN KOMUNIKASI PERTANIAN', 'Saintek '),
('', NULL, '3611291', '361', 'TEKNOLOGI HASIL PERIKANAN', 'Saintek '),
('', NULL, '3611317', '361', 'MIKROBIOLOGI PERTANIAN', 'Saintek '),
('', NULL, '3611325', '361', 'ILMU DAN INDUSTRI PETERNAKAN', 'Saintek '),
('', NULL, '3611333', '361', 'ARSITEKTUR', 'Saintek '),
('', NULL, '3611341', '361', 'PERENCANAAN WILAYAH DAN KOTA', 'Saintek '),
('', NULL, '3611356', '361', 'TEKNIK GEODESI', 'Saintek '),
('', NULL, '3611364', '361', 'TEKNIK GEOLOGI', 'Saintek '),
('', NULL, '3611372', '361', 'TEKNIK KIMIA', 'Saintek '),
('', NULL, '3611387', '361', 'TEKNIK ELEKTRO', 'Saintek '),
('', NULL, '3611395', '361', 'TEKNIK MESIN', 'Saintek '),
('', NULL, '3611406', '361', 'TEKNIK SIPIL', 'Saintek '),
('', NULL, '3611414', '361', 'TEKNIK NUKLIR', 'Saintek '),
('', NULL, '3611422', '361', 'TEKNIK FISIKA', 'Saintek '),
('', NULL, '3611437', '361', 'TEKNIK INDUSTRI', 'Saintek '),
('', NULL, '3611445', '361', 'TEKNIK PERTANIAN', 'Saintek '),
('', NULL, '3611453', '361', 'TEKNOLOGI PANGAN DAN HASIL PERTANIAN', 'Saintek '),
('', NULL, '3611461', '361', 'TEKNOLOGI INDUSTRI PERTANIAN', 'Saintek '),
('', NULL, '3811014', '381', 'PENDIDIKAN DOKTER', 'Saintek '),
('', NULL, '3811022', '381', 'PENDIDIKAN DOKTER GIGI', 'Saintek '),
('', NULL, '3811037', '381', 'PENDIDIKAN APOTEKER', 'Saintek '),
('', NULL, '3811045', '381', 'KEDOKTERAN HEWAN', 'Saintek '),
('', NULL, '3811053', '381', 'MATEMATIKA', 'Saintek '),
('', NULL, '3811061', '381', 'BIOLOGI', 'Saintek '),
('', NULL, '3811076', '381', 'FISIKA', 'Saintek '),
('', NULL, '3811084', '381', 'KIMIA', 'Saintek '),
('', NULL, '3811092', '381', 'KESEHATAN MASYARAKAT', 'Saintek '),
('', NULL, '3811103', '381', 'PENDIDIKAN NERS', 'Saintek '),
('', NULL, '3811111', '381', 'BUDIDAYA PERAIRAN', 'Saintek '),
('', NULL, '3811126', '381', 'PENDIDIKAN BIDAN', 'Saintek '),
('', NULL, '3811134', '381', 'TEKNOBIOMEDIK', 'Saintek '),
('', NULL, '3811142', '381', 'ILMU DAN TEKNOLOGI LINGKUNGAN', 'Saintek '),
('', NULL, '3811157', '381', 'SISTEM INFORMASI', 'Saintek '),
('', NULL, '3811165', '381', 'STATISTIKA', 'Saintek '),
('', NULL, '3821016', '382', 'FISIKA', 'Saintek '),
('', NULL, '3821024', '382', 'MATEMATIKA', 'Saintek '),
('', NULL, '3821032', '382', 'STATISTIKA', 'Saintek '),
('', NULL, '3821047', '382', 'KIMIA', 'Saintek '),
('', NULL, '3821055', '382', 'BIOLOGI', 'Saintek '),
('', NULL, '3821063', '382', 'TEKNIK MESIN', 'Saintek '),
('', NULL, '3821071', '382', 'TEKNIK ELEKTRO', 'Saintek '),
('', NULL, '3821086', '382', 'TEKNIK KIMIA', 'Saintek '),
('', NULL, '3821094', '382', 'TEKNIK FISIKA', 'Saintek '),
('', NULL, '3821105', '382', 'TEKNIK INDUSTRI', 'Saintek '),
('', NULL, '3821113', '382', 'TEKNIK MATERIAL', 'Saintek '),
('', NULL, '3821121', '382', 'TEKNIK SIPIL', 'Saintek '),
('', NULL, '3821136', '382', 'ARSITEKTUR', 'Saintek '),
('', NULL, '3821144', '382', 'TEKNIK LINGKUNGAN', 'Saintek '),
('', NULL, '3821152', '382', 'TEKNIK GEOMATIKA', 'Saintek '),
('', NULL, '3821167', '382', 'PERENCANAAN WILAYAH DAN KOTA', 'Saintek '),
('', NULL, '3821175', '382', 'TEKNIK PERKAPALAN', 'Saintek '),
('', NULL, '3821183', '382', 'TEKNIK KELAUTAN', 'Saintek '),
('', NULL, '3821191', '382', 'TEKNIK SISTEM PERKAPALAN', 'Saintek '),
('', NULL, '3821202', '382', 'INFORMATIKA', 'Saintek '),
('', NULL, '3821217', '382', 'SISTEM INFORMASI', 'Saintek '),
('', NULL, '3821233', '382', 'TEKNIK TRANSPORTASI LAUT', 'Saintek '),
('', NULL, '3821241', '382', 'TEK. SIST PERKAPALAN (GLR GANDA ITS-JERMAN)', 'Saintek ');

-- --------------------------------------------------------

--
-- Table structure for table `siswa`
--

CREATE TABLE IF NOT EXISTS `siswa` (
  `nis_siswa` varchar(50) NOT NULL,
  `id_user` int(11) DEFAULT NULL,
  `nama_siswa` char(20) DEFAULT NULL,
  `asal_sekolah` varchar(50) NOT NULL,
  PRIMARY KEY (`nis_siswa`),
  KEY `fk_relationship_26` (`id_user`)
) ENGINE=InnoDB DEFAULT CHARSET=latin1;

--
-- Dumping data for table `siswa`
--

INSERT INTO `siswa` (`nis_siswa`, `id_user`, `nama_siswa`, `asal_sekolah`) VALUES
('151511029', 4, 'Sadan Fitroni', 'SMAN 1 Bandung');

-- --------------------------------------------------------

--
-- Table structure for table `statistik_regresi`
--

CREATE TABLE IF NOT EXISTS `statistik_regresi` (
  `id_statistik` int(11) NOT NULL AUTO_INCREMENT,
  `kode_ptn` varchar(20) DEFAULT NULL,
  `kode_prodi` varchar(20) DEFAULT NULL,
  `kode_fakultas` varchar(20) DEFAULT NULL,
  `r` float DEFAULT NULL,
  `rsquare` float DEFAULT NULL,
  `adjustedrsquare` float DEFAULT NULL,
  `standar_error` float DEFAULT NULL,
  PRIMARY KEY (`id_statistik`),
  KEY `fk_relationship_10` (`kode_prodi`,`kode_fakultas`),
  KEY `fk_relationship_16` (`kode_ptn`)
) ENGINE=InnoDB  DEFAULT CHARSET=latin1 AUTO_INCREMENT=168 ;

--
-- Dumping data for table `statistik_regresi`
--

INSERT INTO `statistik_regresi` (`id_statistik`, `kode_ptn`, `kode_prodi`, `kode_fakultas`, `r`, `rsquare`, `adjustedrsquare`, `standar_error`) VALUES
(1, '333', '3331013', NULL, 0.924705, 0.855079, 0.710158, 1.42185),
(2, '361', '3611066', NULL, 0.924705, 0.855079, 0.710158, 1.42185),
(3, '381', '3811014', NULL, 0.924705, 0.855079, 0.710158, 1.42185),
(4, '333', '3331021', NULL, 0.924705, 0.855079, 0.710158, 1.42185),
(5, '333', '3331036', NULL, 0.924705, 0.855079, 0.710158, 1.42185),
(6, '333', '3331044', NULL, 0.924705, 0.855079, 0.710158, 1.42185),
(7, '333', '3331052', NULL, 0.924705, 0.855079, 0.710158, 1.42185),
(8, '333', '3331067', NULL, 0.924705, 0.855079, 0.710158, 1.42185),
(9, '333', '3331075', NULL, 0.924705, 0.855079, 0.710158, 1.42185),
(10, '333', '3331083', NULL, 0.924705, 0.855079, 0.710158, 1.42185),
(11, '333', '3331091', NULL, 0.924705, 0.855079, 0.710158, 1.42185),
(12, '333', '3331117', NULL, 0.924705, 0.855079, 0.710158, 1.42185),
(13, '333', '3331125', NULL, 0.924705, 0.855079, 0.710158, 1.42185),
(14, '333', '3331133', NULL, 0.924705, 0.855079, 0.710158, 1.42185),
(15, '333', '3331141', NULL, 0.924705, 0.855079, 0.710158, 1.42185),
(16, '333', '3331156', NULL, 0.924705, 0.855079, 0.710158, 1.42185),
(17, '333', '3331164', NULL, 0.924705, 0.855079, 0.710158, 1.42185),
(18, '333', '3331172', NULL, 0.924705, 0.855079, 0.710158, 1.42185),
(19, '333', '3331187', NULL, 0.924705, 0.855079, 0.710158, 1.42185),
(20, '333', '3331195', NULL, 0.924705, 0.855079, 0.710158, 1.42185),
(21, '333', '3331206', NULL, 0.924705, 0.855079, 0.710158, 1.42185),
(22, '381', '3811022', NULL, 0.924705, 0.855079, 0.710158, 1.42185),
(23, '381', '3811037', NULL, 0.924705, 0.855079, 0.710158, 1.42185),
(24, '381', '3811045', NULL, 0.924705, 0.855079, 0.710158, 1.42185),
(25, '381', '3811053', NULL, 0.924705, 0.855079, 0.710158, 1.42185),
(26, '381', '3811061', NULL, 0.924705, 0.855079, 0.710158, 1.42185),
(27, '381', '3811076', NULL, 0.924705, 0.855079, 0.710158, 1.42185),
(28, '381', '3811084', NULL, 0.924705, 0.855079, 0.710158, 1.42185),
(29, '381', '3811092', NULL, 0.924705, 0.855079, 0.710158, 1.42185),
(30, '381', '3811103', NULL, 0.924705, 0.855079, 0.710158, 1.42185),
(31, '381', '3811111', NULL, 0.924705, 0.855079, 0.710158, 1.42185),
(32, '381', '3811126', NULL, 0.924705, 0.855079, 0.710158, 1.42185),
(33, '381', '3811134', NULL, 0.924705, 0.855079, 0.710158, 1.42185),
(34, '381', '3811142', NULL, 0.924705, 0.855079, 0.710158, 1.42185),
(35, '381', '3811157', NULL, 0.924705, 0.855079, 0.710158, 1.42185),
(36, '381', '3811165', NULL, 0.924705, 0.855079, 0.710158, 1.42185),
(37, '321', '3211015', NULL, 0.924705, 0.855079, 0.710158, 1.42185),
(38, '321', '3211023', NULL, 0.924705, 0.855079, 0.710158, 1.42185),
(39, '321', '3211031', NULL, 0.924705, 0.855079, 0.710158, 1.42185),
(40, '321', '3211046', NULL, 0.924705, 0.855079, 0.710158, 1.42185),
(41, '321', '3211054', NULL, 0.924705, 0.855079, 0.710158, 1.42185),
(42, '321', '3211062', NULL, 0.924705, 0.855079, 0.710158, 1.42185),
(43, '321', '3211077', NULL, 0.924705, 0.855079, 0.710158, 1.42185),
(44, '321', '3211085', NULL, 0.924705, 0.855079, 0.710158, 1.42185),
(45, '321', '3211093', NULL, 0.924705, 0.855079, 0.710158, 1.42185),
(46, '321', '3211104', NULL, 0.924705, 0.855079, 0.710158, 1.42185),
(47, '321', '3211112', NULL, 0.924705, 0.855079, 0.710158, 1.42185),
(48, '321', '3211127', NULL, 0.924705, 0.855079, 0.710158, 1.42185),
(49, '321', '3211135', NULL, 0.924705, 0.855079, 0.710158, 1.42185),
(50, '321', '3211143', NULL, 0.924705, 0.855079, 0.710158, 1.42185),
(51, '321', '3211151', NULL, 0.924705, 0.855079, 0.710158, 1.42185),
(52, '321', '3211166', NULL, 0.924705, 0.855079, 0.710158, 1.42185),
(53, '321', '3211174', NULL, 0.924705, 0.855079, 0.710158, 1.42185),
(54, '321', '3211182', NULL, 0.924705, 0.855079, 0.710158, 1.42185),
(55, '321', '3211197', NULL, 0.924705, 0.855079, 0.710158, 1.42185),
(56, '321', '3211201', NULL, 0.924705, 0.855079, 0.710158, 1.42185),
(57, '321', '3211216', NULL, 0.924705, 0.855079, 0.710158, 1.42185),
(58, '321', '3211224', NULL, 0.924705, 0.855079, 0.710158, 1.42185),
(59, '321', '3211232', NULL, 0.924705, 0.855079, 0.710158, 1.42185),
(60, '321', '3211247', NULL, 0.924705, 0.855079, 0.710158, 1.42185),
(61, '321', '3211255', NULL, 0.924705, 0.855079, 0.710158, 1.42185),
(62, '334', '3341015', NULL, 0.924705, 0.855079, 0.710158, 1.42185),
(63, '334', '3341023', NULL, 0.924705, 0.855079, 0.710158, 1.42185),
(64, '334', '3341031', NULL, 0.924705, 0.855079, 0.710158, 1.42185),
(65, '334', '3341046', NULL, 0.924705, 0.855079, 0.710158, 1.42185),
(66, '334', '3341054', NULL, 0.924705, 0.855079, 0.710158, 1.42185),
(67, '334', '3341062', NULL, 0.924705, 0.855079, 0.710158, 1.42185),
(68, '334', '3341077', NULL, 0.924705, 0.855079, 0.710158, 1.42185),
(69, '334', '3341085', NULL, 0.924705, 0.855079, 0.710158, 1.42185),
(70, '334', '3341093', NULL, 0.924705, 0.855079, 0.710158, 1.42185),
(71, '334', '3341104', NULL, 0.924705, 0.855079, 0.710158, 1.42185),
(72, '334', '3341112', NULL, 0.924705, 0.855079, 0.710158, 1.42185),
(73, '334', '3341127', NULL, 0.924705, 0.855079, 0.710158, 1.42185),
(74, '334', '3341143', NULL, 0.924705, 0.855079, 0.710158, 1.42185),
(75, '334', '3341151', NULL, 0.924705, 0.855079, 0.710158, 1.42185),
(76, '334', '3341166', NULL, 0.924705, 0.855079, 0.710158, 1.42185),
(77, '334', '3341174', NULL, 0.924705, 0.855079, 0.710158, 1.42185),
(78, '334', '3341182', NULL, 0.924705, 0.855079, 0.710158, 1.42185),
(79, '334', '3341197', NULL, 0.924705, 0.855079, 0.710158, 1.42185),
(80, '334', '3341216', NULL, 0.924705, 0.855079, 0.710158, 1.42185),
(81, '355', '3551012', NULL, 0.924705, 0.855079, 0.710158, 1.42185),
(82, '355', '3551027', NULL, 0.924705, 0.855079, 0.710158, 1.42185),
(83, '355', '3551043', NULL, 0.924705, 0.855079, 0.710158, 1.42185),
(84, '355', '3551051', NULL, 0.924705, 0.855079, 0.710158, 1.42185),
(85, '355', '3551066', NULL, 0.924705, 0.855079, 0.710158, 1.42185),
(86, '355', '3551074', NULL, 0.924705, 0.855079, 0.710158, 1.42185),
(87, '355', '3551082', NULL, 0.924705, 0.855079, 0.710158, 1.42185),
(88, '355', '3551097', NULL, 0.924705, 0.855079, 0.710158, 1.42185),
(89, '355', '3551101', NULL, 0.924705, 0.855079, 0.710158, 1.42185),
(90, '355', '3551116', NULL, 0.924705, 0.855079, 0.710158, 1.42185),
(91, '355', '3551147', NULL, 0.924705, 0.855079, 0.710158, 1.42185),
(92, '355', '3551155', NULL, 0.924705, 0.855079, 0.710158, 1.42185),
(93, '355', '3551163', NULL, 0.924705, 0.855079, 0.710158, 1.42185),
(94, '355', '3551171', NULL, 0.924705, 0.855079, 0.710158, 1.42185),
(95, '355', '3551186', NULL, 0.924705, 0.855079, 0.710158, 1.42185),
(96, '355', '3551194', NULL, 0.924705, 0.855079, 0.710158, 1.42185),
(97, '355', '3551205', NULL, 0.924705, 0.855079, 0.710158, 1.42185),
(98, '355', '3551213', NULL, 0.924705, 0.855079, 0.710158, 1.42185),
(99, '355', '3551221', NULL, 0.924705, 0.855079, 0.710158, 1.42185),
(100, '355', '3551236', NULL, 0.924705, 0.855079, 0.710158, 1.42185),
(101, '355', '3551244', NULL, 0.924705, 0.855079, 0.710158, 1.42185),
(102, '355', '3551252', NULL, 0.924705, 0.855079, 0.710158, 1.42185),
(103, '355', '3551267', NULL, 0.924705, 0.855079, 0.710158, 1.42185),
(104, '355', '3551275', NULL, 0.924705, 0.855079, 0.710158, 1.42185),
(105, '355', '3551283', NULL, 0.924705, 0.855079, 0.710158, 1.42185),
(106, '355', '3551291', NULL, 0.924705, 0.855079, 0.710158, 1.42185),
(107, '355', '3551302', NULL, 0.924705, 0.855079, 0.710158, 1.42185),
(108, '355', '3551317', NULL, 0.924705, 0.855079, 0.710158, 1.42185),
(109, '361', '3611012', NULL, 0.924705, 0.855079, 0.710158, 1.42185),
(110, '361', '3611027', NULL, 0.924705, 0.855079, 0.710158, 1.42185),
(111, '361', '3611035', NULL, 0.924705, 0.855079, 0.710158, 1.42185),
(112, '361', '3611043', NULL, 0.924705, 0.855079, 0.710158, 1.42185),
(113, '361', '3611051', NULL, 0.924705, 0.855079, 0.710158, 1.42185),
(114, '361', '3611074', NULL, 0.924705, 0.855079, 0.710158, 1.42185),
(115, '361', '3611082', NULL, 0.924705, 0.855079, 0.710158, 1.42185),
(116, '361', '3611097', NULL, 0.924705, 0.855079, 0.710158, 1.42185),
(117, '361', '3611101', NULL, 0.924705, 0.855079, 0.710158, 1.42185),
(118, '361', '3611155', NULL, 0.924705, 0.855079, 0.710158, 1.42185),
(119, '361', '3611163', NULL, 0.924705, 0.855079, 0.710158, 1.42185),
(120, '361', '3611171', NULL, 0.924705, 0.855079, 0.710158, 1.42185),
(121, '361', '3611186', NULL, 0.924705, 0.855079, 0.710158, 1.42185),
(122, '361', '3611194', NULL, 0.924705, 0.855079, 0.710158, 1.42185),
(123, '361', '3611205', NULL, 0.924705, 0.855079, 0.710158, 1.42185),
(124, '361', '3611213', NULL, 0.924705, 0.855079, 0.710158, 1.42185),
(125, '361', '3611221', NULL, 0.924705, 0.855079, 0.710158, 1.42185),
(126, '361', '3611244', NULL, 0.924705, 0.855079, 0.710158, 1.42185),
(127, '361', '3611275', NULL, 0.924705, 0.855079, 0.710158, 1.42185),
(128, '361', '3611291', NULL, 0.924705, 0.855079, 0.710158, 1.42185),
(129, '361', '3611317', NULL, 0.924705, 0.855079, 0.710158, 1.42185),
(130, '361', '3611325', NULL, 0.924705, 0.855079, 0.710158, 1.42185),
(131, '361', '3611333', NULL, 0.924705, 0.855079, 0.710158, 1.42185),
(132, '361', '3611341', NULL, 0.924705, 0.855079, 0.710158, 1.42185),
(133, '361', '3611356', NULL, 0.924705, 0.855079, 0.710158, 1.42185),
(134, '361', '3611364', NULL, 0.924705, 0.855079, 0.710158, 1.42185),
(135, '361', '3611372', NULL, 0.924705, 0.855079, 0.710158, 1.42185),
(136, '361', '3611387', NULL, 0.924705, 0.855079, 0.710158, 1.42185),
(137, '361', '3611395', NULL, 0.924705, 0.855079, 0.710158, 1.42185),
(138, '361', '3611406', NULL, 0.924705, 0.855079, 0.710158, 1.42185),
(139, '361', '3611414', NULL, 0.924705, 0.855079, 0.710158, 1.42185),
(140, '361', '3611422', NULL, 0.924705, 0.855079, 0.710158, 1.42185),
(141, '361', '3611437', NULL, 0.924705, 0.855079, 0.710158, 1.42185),
(142, '361', '3611445', NULL, 0.924705, 0.855079, 0.710158, 1.42185),
(143, '361', '3611453', NULL, 0.924705, 0.855079, 0.710158, 1.42185),
(144, '361', '3611461', NULL, 0.924705, 0.855079, 0.710158, 1.42185),
(145, '382', '3821016', NULL, 0.924705, 0.855079, 0.710158, 1.42185),
(146, '382', '3821024', NULL, 0.924705, 0.855079, 0.710158, 1.42185),
(147, '382', '3821032', NULL, 0.924705, 0.855079, 0.710158, 1.42185),
(148, '382', '3821047', NULL, 0.924705, 0.855079, 0.710158, 1.42185),
(149, '382', '3821055', NULL, 0.924705, 0.855079, 0.710158, 1.42185),
(150, '382', '3821063', NULL, 0.924705, 0.855079, 0.710158, 1.42185),
(151, '382', '3821071', NULL, 0.924705, 0.855079, 0.710158, 1.42185),
(152, '382', '3821086', NULL, 0.924705, 0.855079, 0.710158, 1.42185),
(153, '382', '3821094', NULL, 0.924705, 0.855079, 0.710158, 1.42185),
(154, '382', '3821105', NULL, 0.924705, 0.855079, 0.710158, 1.42185),
(155, '382', '3821113', NULL, 0.924705, 0.855079, 0.710158, 1.42185),
(156, '382', '3821121', NULL, 0.924705, 0.855079, 0.710158, 1.42185),
(157, '382', '3821136', NULL, 0.924705, 0.855079, 0.710158, 1.42185),
(158, '382', '3821144', NULL, 0.924705, 0.855079, 0.710158, 1.42185),
(159, '382', '3821152', NULL, 0.924705, 0.855079, 0.710158, 1.42185),
(160, '382', '3821167', NULL, 0.924705, 0.855079, 0.710158, 1.42185),
(161, '382', '3821175', NULL, 0.924705, 0.855079, 0.710158, 1.42185),
(162, '382', '3821183', NULL, 0.924705, 0.855079, 0.710158, 1.42185),
(163, '382', '3821191', NULL, 0.924705, 0.855079, 0.710158, 1.42185),
(164, '382', '3821202', NULL, 0.924705, 0.855079, 0.710158, 1.42185),
(165, '382', '3821217', NULL, 0.924705, 0.855079, 0.710158, 1.42185),
(166, '382', '3821233', NULL, 0.924705, 0.855079, 0.710158, 1.42185),
(167, '382', '3821241', NULL, 0.924705, 0.855079, 0.710158, 1.42185);

-- --------------------------------------------------------

--
-- Table structure for table `tbl_privilage`
--

CREATE TABLE IF NOT EXISTS `tbl_privilage` (
  `id_privilage` int(11) NOT NULL AUTO_INCREMENT,
  `privilage` char(5) DEFAULT NULL,
  PRIMARY KEY (`id_privilage`)
) ENGINE=InnoDB  DEFAULT CHARSET=latin1 AUTO_INCREMENT=3 ;

--
-- Dumping data for table `tbl_privilage`
--

INSERT INTO `tbl_privilage` (`id_privilage`, `privilage`) VALUES
(1, 'admin'),
(2, 'siswa');

-- --------------------------------------------------------

--
-- Table structure for table `tbl_user`
--

CREATE TABLE IF NOT EXISTS `tbl_user` (
  `id_user` int(11) NOT NULL AUTO_INCREMENT,
  `id_privilage` int(11) DEFAULT NULL,
  `email` varchar(50) DEFAULT NULL,
  `password` varchar(50) DEFAULT NULL,
  `nama` varchar(50) DEFAULT NULL,
  PRIMARY KEY (`id_user`),
  KEY `fk_relationship_25` (`id_privilage`)
) ENGINE=InnoDB  DEFAULT CHARSET=latin1 AUTO_INCREMENT=5 ;

--
-- Dumping data for table `tbl_user`
--

INSERT INTO `tbl_user` (`id_user`, `id_privilage`, `email`, `password`, `nama`) VALUES
(2, 1, 'sadanf@gmail.com', 'f1e17403efa9f6e70ccab9f2b895b4ce', 'Sadan Fitroni'),
(3, 2, 'sadan@gmail.com', 'f1e17403efa9f6e70ccab9f2b895b4ce', 'Sadan Fitroni'),
(4, 2, 'siswa@gmail.com', 'bcd724d15cde8c47650fda962968f102', 'sadan');

-- --------------------------------------------------------

--
-- Table structure for table `tryout`
--

CREATE TABLE IF NOT EXISTS `tryout` (
  `id_to` int(11) NOT NULL AUTO_INCREMENT,
  `nis_siswa` varchar(50) DEFAULT NULL,
  `nilai_to` float DEFAULT NULL,
  `tanggal_tryout` date DEFAULT NULL,
  PRIMARY KEY (`id_to`),
  KEY `fk_relationship_21` (`nis_siswa`)
) ENGINE=InnoDB  DEFAULT CHARSET=latin1 AUTO_INCREMENT=12 ;

--
-- Dumping data for table `tryout`
--

INSERT INTO `tryout` (`id_to`, `nis_siswa`, `nilai_to`, `tanggal_tryout`) VALUES
(1, NULL, 65, '2018-08-02'),
(2, NULL, 65, '2018-08-02'),
(3, '151511029', 65, '2018-08-02'),
(4, '151511029', 15, '2018-08-02'),
(5, '151511029', 36.5, '2018-08-02'),
(6, NULL, 55, '2018-08-02'),
(7, NULL, 55, '2018-08-02'),
(8, '151511029', 55, '2018-08-02'),
(9, '151511029', 65, '2018-08-02'),
(10, '151511029', 47.5, '2018-08-08'),
(11, '151511029', 60, '2018-08-08');

-- --------------------------------------------------------

--
-- Table structure for table `ukuran_prediksi`
--

CREATE TABLE IF NOT EXISTS `ukuran_prediksi` (
  `id_ukuran_prediksi` int(11) NOT NULL AUTO_INCREMENT,
  `kode_prodi` varchar(20) DEFAULT NULL,
  `kode_fakultas` varchar(20) DEFAULT NULL,
  `kode_ptn` varchar(20) DEFAULT NULL,
  `mad` float DEFAULT NULL,
  `mse` float DEFAULT NULL,
  `mape` float DEFAULT NULL,
  PRIMARY KEY (`id_ukuran_prediksi`),
  KEY `fk_relationship_14` (`kode_ptn`),
  KEY `fk_relationship_15` (`kode_prodi`,`kode_fakultas`)
) ENGINE=InnoDB  DEFAULT CHARSET=latin1 AUTO_INCREMENT=168 ;

--
-- Dumping data for table `ukuran_prediksi`
--

INSERT INTO `ukuran_prediksi` (`id_ukuran_prediksi`, `kode_prodi`, `kode_fakultas`, `kode_ptn`, `mad`, `mse`, `mape`) VALUES
(1, '3331013', NULL, '333', 7.12596, 54.5278, 0.85137),
(2, '3611066', NULL, '361', 2.46218, 6.80706, 0.8825),
(3, '3811014', NULL, '381', 1.46208, 3.04585, 0.174681),
(4, '3331021', NULL, '333', 19.9039, 396.807, 2.378),
(5, '3331036', NULL, '333', 19.7033, 388.593, 2.35404),
(6, '3331044', NULL, '333', 20.2545, 410.452, 2.41989),
(7, '3331052', NULL, '333', 20.7831, 432.337, 2.48304),
(8, '3331067', NULL, '333', 12.903, 166.766, 1.54158),
(9, '3331075', NULL, '333', 15.323, 238.434, 1.8307),
(10, '3331083', NULL, '333', 17.8306, 318.501, 2.1303),
(11, '3331091', NULL, '333', 12.4508, 155.306, 1.48755),
(12, '3331117', NULL, '333', 25.2027, 635.922, 3.01108),
(13, '3331125', NULL, '333', 14.3444, 205.967, 1.71378),
(14, '3331133', NULL, '333', 20.344, 414.579, 2.43058),
(15, '3331141', NULL, '333', 16.1754, 262.097, 1.93254),
(16, '3331156', NULL, '333', 19.2112, 369.454, 2.29524),
(17, '3331164', NULL, '333', 12.3416, 152.525, 1.4745),
(18, '3331172', NULL, '333', 18.4263, 340.092, 2.20148),
(19, '3331187', NULL, '333', 14.8297, 220.271, 1.77177),
(20, '3331195', NULL, '333', 27.4057, 751.769, 3.27428),
(21, '3331206', NULL, '333', 13.5403, 183.767, 1.61772),
(22, '3811022', NULL, '381', 9.57086, 91.8541, 1.14347),
(23, '3811037', NULL, '381', 18.0983, 328.396, 2.16228),
(24, '3811045', NULL, '381', 11.8211, 140.343, 1.41232),
(25, '3811053', NULL, '381', 11.6084, 135.329, 1.3869),
(26, '3811061', NULL, '381', 10.9837, 121.323, 1.31227),
(27, '3811076', NULL, '381', 11.5563, 134.444, 1.38068),
(28, '3811084', NULL, '381', 7.79231, 60.9986, 0.930981),
(29, '3811092', NULL, '381', 13.8119, 219.272, 1.65016),
(30, '3811103', NULL, '381', 19.1164, 366.057, 2.28392),
(31, '3811111', NULL, '381', 12.5974, 172.733, 1.50507),
(32, '3811126', NULL, '381', 19.0436, 363.165, 2.27522),
(33, '3811134', NULL, '381', 18.546, 345.22, 2.21577),
(34, '3811142', NULL, '381', 13.4662, 181.922, 1.60886),
(35, '3811157', NULL, '381', 6.86001, 48.1344, 0.819594),
(36, '3811165', NULL, '381', 12.9178, 167.253, 1.54334),
(37, '3211015', NULL, '321', 0.36055, 0.269553, 0.129229),
(38, '3211023', NULL, '321', 11.9923, 144.529, 4.29832),
(39, '3211031', NULL, '321', 16.0238, 259.214, 5.7433),
(40, '3211046', NULL, '321', 15.1695, 230.383, 5.43708),
(41, '3211054', NULL, '321', 19.8985, 396.063, 7.13208),
(42, '3211062', NULL, '321', 18.2572, 333.537, 6.5438),
(43, '3211077', NULL, '321', 5.37842, 29.333, 1.92775),
(44, '3211085', NULL, '321', 21.863, 478.165, 7.83619),
(45, '3211093', NULL, '321', 11.3893, 133.386, 4.08217),
(46, '3211104', NULL, '321', 8.99118, 81.0678, 3.22265),
(47, '3211112', NULL, '321', 2.53761, 6.99797, 0.909537),
(48, '3211127', NULL, '321', 11.1376, 124.501, 3.99197),
(49, '3211135', NULL, '321', 10.9718, 122.054, 3.93255),
(50, '3211143', NULL, '321', 4.39732, 20.5203, 1.5761),
(51, '3211151', NULL, '321', 18.2901, 337.325, 6.55559),
(52, '3211166', NULL, '321', 4.45492, 19.9635, 1.59674),
(53, '3211174', NULL, '321', 17.6271, 314.136, 6.31797),
(54, '3211182', NULL, '321', 3.21664, 11.0266, 1.15292),
(55, '3211197', NULL, '321', 14.3973, 209.035, 5.16034),
(56, '3211201', NULL, '321', 10.664, 118.475, 3.8222),
(57, '3211216', NULL, '321', 2.30521, 6.78924, 0.826238),
(58, '3211224', NULL, '321', 13.1318, 174.205, 4.70673),
(59, '3211232', NULL, '321', 8.29964, 69.3865, 2.97478),
(60, '3211247', NULL, '321', 12.7555, 162.967, 4.57185),
(61, '3211255', NULL, '321', 16.4515, 271.004, 5.8966),
(62, '3341015', NULL, '334', 18.4577, 340.81, 6.61567),
(63, '3341023', NULL, '334', 18.6846, 349.209, 6.697),
(64, '3341031', NULL, '334', 18.7434, 351.69, 6.71805),
(65, '3341046', NULL, '334', 19.6864, 387.729, 7.05607),
(66, '3341054', NULL, '334', 17.0796, 291.883, 6.12171),
(67, '3341062', NULL, '334', 12.9221, 167.363, 4.63159),
(68, '3341077', NULL, '334', 14.4689, 211.502, 5.186),
(69, '3341085', NULL, '334', 20.9928, 441.182, 7.5243),
(70, '3341093', NULL, '334', 14.0741, 198.221, 5.04449),
(71, '3341104', NULL, '334', 10.0224, 101.393, 3.59226),
(72, '3341112', NULL, '334', 14.8034, 219.357, 5.30587),
(73, '3341127', NULL, '334', 16.8124, 282.741, 6.02594),
(74, '3341143', NULL, '334', 14.2534, 203.669, 5.10873),
(75, '3341151', NULL, '334', 14.9633, 224.288, 5.36318),
(76, '3341166', NULL, '334', 15.1538, 229.696, 5.43147),
(77, '3341174', NULL, '334', 19.6516, 386.266, 7.04358),
(78, '3341182', NULL, '334', 15.4407, 238.616, 5.53429),
(79, '3341197', NULL, '334', 9.80278, 96.672, 3.51354),
(80, '3341216', NULL, '334', 13.5493, 183.86, 4.85639),
(81, '3551012', NULL, '355', 17.3483, 301.169, 6.21803),
(82, '3551027', NULL, '355', 5.91225, 36.3713, 2.11909),
(83, '3551043', NULL, '355', 13.4068, 179.801, 4.80532),
(84, '3551051', NULL, '355', 15.9637, 255.184, 5.72177),
(85, '3551066', NULL, '355', 16.0896, 264.636, 5.76688),
(86, '3551074', NULL, '355', 15.1281, 265.358, 5.42225),
(87, '3551082', NULL, '355', 15.9581, 281.054, 5.71975),
(88, '3551097', NULL, '355', 14.4302, 226.868, 5.17213),
(89, '3551101', NULL, '355', 12.5957, 161.14, 4.51457),
(90, '3551116', NULL, '355', 21.9763, 493.445, 7.87679),
(91, '3551147', NULL, '355', 16.6938, 288.049, 5.98345),
(92, '3551155', NULL, '355', 18.0551, 326.437, 6.47138),
(93, '3551163', NULL, '355', 17.8859, 326.101, 6.41072),
(94, '3551171', NULL, '355', 22.1425, 747.5, 7.93639),
(95, '3551186', NULL, '355', 18.9717, 639.581, 6.7999),
(96, '3551194', NULL, '355', 11.7371, 153.513, 4.20684),
(97, '3551205', NULL, '355', 10.9337, 127.671, 3.91888),
(98, '3551213', NULL, '355', 8.14913, 96.1477, 2.92084),
(99, '3551221', NULL, '355', 13.908, 205.821, 4.98496),
(100, '3551236', NULL, '355', 10.3379, 114.904, 3.70535),
(101, '3551244', NULL, '355', 13.6209, 187.877, 4.88203),
(102, '3551252', NULL, '355', 8.10238, 66.1957, 2.90408),
(103, '3551267', NULL, '355', 15.4723, 239.853, 5.54561),
(104, '3551275', NULL, '355', 12.0068, 145.262, 4.30353),
(105, '3551283', NULL, '355', 14.6299, 214.571, 5.2437),
(106, '3551291', NULL, '355', 18.5105, 343.161, 6.6346),
(107, '3551302', NULL, '355', 15.5831, 244.622, 5.58533),
(108, '3551317', NULL, '355', 15.5415, 241.93, 5.57045),
(109, '3611012', NULL, '361', 19.3942, 382.644, 6.95132),
(110, '3611027', NULL, '361', 10.8124, 117.238, 3.8754),
(111, '3611035', NULL, '361', 17.6824, 312.738, 6.33777),
(112, '3611043', NULL, '361', 14.668, 215.488, 5.25736),
(113, '3611051', NULL, '361', 8.9783, 81.0151, 3.21803),
(114, '3611074', NULL, '361', 13.1286, 172.655, 4.70561),
(115, '3611082', NULL, '361', 10.5227, 111.841, 3.77158),
(116, '3611097', NULL, '361', 13.3489, 178.951, 4.78455),
(117, '3611101', NULL, '361', 12.2462, 150.49, 4.38932),
(118, '3611155', NULL, '361', 9.76486, 95.6227, 3.49995),
(119, '3611163', NULL, '361', 9.492, 92.2154, 3.40215),
(120, '3611171', NULL, '361', 10.7695, 116.66, 3.86004),
(121, '3611186', NULL, '361', 4.39379, 21.5287, 1.57484),
(122, '3611194', NULL, '361', 8.78662, 78.2062, 3.14933),
(123, '3611205', NULL, '361', 13.4374, 181.521, 4.81627),
(124, '3611213', NULL, '361', 7.02248, 49.6815, 2.51702),
(125, '3611221', NULL, '361', 13.3603, 178.77, 4.78864),
(126, '3611244', NULL, '361', 12.5135, 156.881, 4.48512),
(127, '3611275', NULL, '361', 16.2949, 265.788, 5.84047),
(128, '3611291', NULL, '361', 17.1077, 292.707, 6.1318),
(129, '3611317', NULL, '361', 14.3509, 206.766, 5.14369),
(130, '3611325', NULL, '361', 14.768, 218.41, 5.2932),
(131, '3611333', NULL, '361', 12.4233, 155.247, 4.45281),
(132, '3611341', NULL, '361', 14.8464, 221.298, 5.3213),
(133, '3611356', NULL, '361', 17.3492, 301.967, 6.21835),
(134, '3611364', NULL, '361', 11.6722, 137.195, 4.18359),
(135, '3611372', NULL, '361', 7.73071, 60.968, 2.77086),
(136, '3611387', NULL, '361', 3.23357, 11.1627, 1.15899),
(137, '3611395', NULL, '361', 18.0143, 586.897, 6.45675),
(138, '3611406', NULL, '361', 18.8701, 651.94, 6.76346),
(139, '3611414', NULL, '361', 4.48963, 21.0105, 1.60919),
(140, '3611422', NULL, '361', 7.55489, 57.3976, 2.70785),
(141, '3611437', NULL, '361', 2.5534, 23.1405, 0.915196),
(142, '3611445', NULL, '361', 8.93529, 80.2495, 3.20261),
(143, '3611453', NULL, '361', 11.2854, 128.217, 4.04496),
(144, '3611461', NULL, '361', 8.97537, 87.0852, 3.21698),
(145, '3821016', NULL, '382', 13.9342, 194.525, 4.99433),
(146, '3821024', NULL, '382', 8.28379, 70.1333, 2.9691),
(147, '3821032', NULL, '382', 8.2547, 68.7571, 2.95867),
(148, '3821047', NULL, '382', 6.45783, 41.7708, 2.31464),
(149, '3821055', NULL, '382', 9.98105, 100.043, 3.57744),
(150, '3821063', NULL, '382', 10.1469, 103.272, 3.63688),
(151, '3821071', NULL, '382', 0.900426, 1.30373, 0.322733),
(152, '3821086', NULL, '382', 101.448, 48355.4, 36.3614),
(153, '3821094', NULL, '382', 8.05235, 87.5132, 2.88615),
(154, '3821105', NULL, '382', 14.4341, 208.954, 5.1735),
(155, '3821113', NULL, '382', 8.08325, 65.924, 2.89722),
(156, '3821121', NULL, '382', 6.24901, 39.9625, 2.23979),
(157, '3821136', NULL, '382', 3.47429, 13.3719, 1.24527),
(158, '3821144', NULL, '382', 8.73706, 103.677, 3.13156),
(159, '3821152', NULL, '382', 14.084, 198.728, 5.04805),
(160, '3821167', NULL, '382', 12.0925, 151.517, 3.75634),
(161, '3821175', NULL, '382', 16.963, 290.442, 4.05328),
(162, '3821183', NULL, '382', 10.9699, 146.877, 2.62125),
(163, '3821191', NULL, '382', 12.9185, 175.242, 2.46949),
(164, '3821202', NULL, '382', 8.11151, 67.8141, 0.969117),
(165, '3821217', NULL, '382', 10.1724, 103.674, 1.21534),
(166, '3821233', NULL, '382', 9.78868, 127.616, 1.1695),
(167, '3821241', NULL, '382', 9.10519, 83.395, 1.08784);

--
-- Constraints for dumped tables
--

--
-- Constraints for table `asumsi_klasik`
--
ALTER TABLE `asumsi_klasik`
  ADD CONSTRAINT `fk_relationship_18` FOREIGN KEY (`kode_ptn`) REFERENCES `perguruan_tinggi` (`kode_ptn`),
  ADD CONSTRAINT `fk_relationship_28` FOREIGN KEY (`kode_prodi`, `kode_fakultas`) REFERENCES `prodi_fakultas` (`kode_prodi`, `kode_fakultas`);

--
-- Constraints for table `data_set`
--
ALTER TABLE `data_set`
  ADD CONSTRAINT `fk_relationship_13` FOREIGN KEY (`kode_ptn`) REFERENCES `perguruan_tinggi` (`kode_ptn`);

--
-- Constraints for table `hasil_prediksi`
--
ALTER TABLE `hasil_prediksi`
  ADD CONSTRAINT `fk_relationship_22` FOREIGN KEY (`kode_ptn`) REFERENCES `perguruan_tinggi` (`kode_ptn`),
  ADD CONSTRAINT `fk_relationship_27` FOREIGN KEY (`kode_prodi`, `kode_fakultas`) REFERENCES `prodi_fakultas` (`kode_prodi`, `kode_fakultas`);

--
-- Constraints for table `prodi_fakultas`
--
ALTER TABLE `prodi_fakultas`
  ADD CONSTRAINT `fk_relationship_11` FOREIGN KEY (`kode_ptn`) REFERENCES `perguruan_tinggi` (`kode_ptn`);

--
-- Constraints for table `siswa`
--
ALTER TABLE `siswa`
  ADD CONSTRAINT `fk_relationship_26` FOREIGN KEY (`id_user`) REFERENCES `tbl_user` (`id_user`);

--
-- Constraints for table `statistik_regresi`
--
ALTER TABLE `statistik_regresi`
  ADD CONSTRAINT `fk_relationship_10` FOREIGN KEY (`kode_prodi`, `kode_fakultas`) REFERENCES `prodi_fakultas` (`kode_prodi`, `kode_fakultas`),
  ADD CONSTRAINT `fk_relationship_16` FOREIGN KEY (`kode_ptn`) REFERENCES `perguruan_tinggi` (`kode_ptn`);

--
-- Constraints for table `tbl_user`
--
ALTER TABLE `tbl_user`
  ADD CONSTRAINT `fk_relationship_25` FOREIGN KEY (`id_privilage`) REFERENCES `tbl_privilage` (`id_privilage`);

--
-- Constraints for table `ukuran_prediksi`
--
ALTER TABLE `ukuran_prediksi`
  ADD CONSTRAINT `fk_relationship_14` FOREIGN KEY (`kode_ptn`) REFERENCES `perguruan_tinggi` (`kode_ptn`),
  ADD CONSTRAINT `fk_relationship_15` FOREIGN KEY (`kode_prodi`, `kode_fakultas`) REFERENCES `prodi_fakultas` (`kode_prodi`, `kode_fakultas`);

/*!40101 SET CHARACTER_SET_CLIENT=@OLD_CHARACTER_SET_CLIENT */;
/*!40101 SET CHARACTER_SET_RESULTS=@OLD_CHARACTER_SET_RESULTS */;
/*!40101 SET COLLATION_CONNECTION=@OLD_COLLATION_CONNECTION */;
